Date,Matched Price,Volume,Open Price,High Price,Low Price,Foreign Buy,Foreign Sell,Foreign Value
1/2/2020,81.78,352700,80.81,81.99,80.81,147810,95820,6.1
1/3/2020,82.06,625390,81.78,82.54,81.99,330020,9290,38.1
1/6/2020,81.43,495910,82.06,82.06,81.02,422986,304256,14
1/7/2020,82.19,459520,81.43,82.4,81.5,297110,27190,31.9
1/8/2020,82.4,837710,82.19,82.4,81.5,615220,51980,66.5
1/9/2020,82.26,624130,82.4,82.89,82.13,1126480,949080,21.1
1/10/2020,82.47,596280,82.26,82.68,82.13,809800,628710,21.5
1/13/2020,81.43,412880,82.47,82.54,81.43,399800,450330,-5.9
1/14/2020,81.71,335180,81.43,81.92,81.22,611050,510900,11.8
1/15/2020,81.71,681740,81.71,81.78,81.29,641720,515430,14.9
1/16/2020,81.99,545090,81.71,82.19,81.29,439820,309370,15.4
1/17/2020,82.26,375030,81.99,82.26,81.71,537950,250840,34
1/20/2020,82.54,493600,82.26,82.68,82.13,1389300,1324530,7.7
1/21/2020,83.93,853940,82.54,84.55,82.26,1364580,1258430,12.7
1/22/2020,84.14,794440,83.93,84.55,83.93,2572620,2520390,6.3
1/30/2020,80.88,1533720,84.14,84.14,80.6,1382930,2052280,-78.7
1/31/2020,75.26,1915820,80.88,80.88,75.26,839780,1293630,-51.2
2/3/2020,75.12,2289150,75.26,76.65,70.06,875760,614150,27.7
2/4/2020,72.83,1869040,75.12,76.3,72.21,823890,1327220,-53.3
2/5/2020,73.94,1545750,72.83,74.7,71.65,1027860,1395950,-40
2/6/2020,74.56,2137020,73.94,75.33,73.45,1506810,1749380,-26.1
2/7/2020,76.44,1523380,74.56,76.65,74.63,2131150,1842600,31.5
2/10/2020,75.61,910510,76.44,76.44,74.43,559030,620430,-6.6
2/11/2020,74.36,885960,75.61,75.61,74.22,682510,946010,-28.4
2/12/2020,74.36,838170,74.36,74.91,74.36,396660,495990,-10.7
2/13/2020,74.15,713560,74.36,74.56,73.94,362580,335240,2.9
2/14/2020,73.94,708080,74.15,74.5,73.94,570600,639440,-7.4
2/17/2020,74.56,623350,73.94,74.63,74.08,777510,695070,8.9
2/18/2020,73.18,1078500,74.56,74.77,73.04,233790,485180,-26.7
2/19/2020,73.8,794470,73.18,74.01,72.83,462730,617220,-16.3
2/20/2020,73.8,624620,73.8,74.56,73.73,301640,370320,-7.3
2/21/2020,75.26,1484500,73.8,75.88,74.56,586750,464420,13.3
2/24/2020,73.8,954600,75.26,75.26,73.52,710920,486080,23.9
2/25/2020,74.91,1200220,73.8,75.26,73.52,1523430,1069760,49
2/26/2020,72.83,1346630,74.91,74.91,72.83,699640,1359500,-69.8
2/27/2020,74.5,863890,72.83,74.5,72,1697240,1030570,70.6
2/28/2020,72.48,1437350,74.5,74.5,71.44,7625030,7982120,-37.4
3/2/2020,72.48,909240,72.48,73.18,72,1038470,1313970,-28.9
3/3/2020,73.04,741380,72.48,73.66,72.55,1669950,1773610,-10.9
3/4/2020,72.69,612800,73.04,73.52,72.48,715710,917070,-21.1
3/5/2020,72.48,438020,72.69,73.45,72.48,544670,568340,-2.5
3/6/2020,72.28,664920,72.48,72.69,71.86,692670,597950,9.9
3/9/2020,67.28,2356790,72.28,72.28,67.28,1281570,983450,30.6
3/10/2020,70.54,1761300,67.28,70.61,66.59,1597470,1036640,56.2
3/11/2020,70.47,2292410,70.54,72.83,68.81,2157690,951200,123.6
3/12/2020,69.99,2431600,70.47,70.47,67.28,2433250,2110360,32.6
3/13/2020,68.74,2159130,69.99,69.99,66.03,1630260,1763000,-12.8
3/16/2020,67.28,1087080,68.74,68.81,66.93,669890,832280,-15.9
3/17/2020,66.59,1788240,67.28,67.28,65.89,746550,1447240,-67.3
3/18/2020,65.89,1322150,66.59,67.84,65.89,454140,908590,-43.4
3/19/2020,61.73,2774560,65.89,65.89,61.73,1272870,1971830,-63.2
3/20/2020,62.43,2316660,61.73,63.33,61.73,1768310,2148580,-34.3
3/23/2020,58.06,2187710,62.43,62.43,58.06,384690,763000,-32.1
3/24/2020,59.72,1739530,58.06,61.25,58.06,342070,445620,-8.8
3/25/2020,63.81,2993020,59.72,63.88,62.5,1991740,1574180,38.4
3/26/2020,65.2,2556450,63.81,65.89,61.59,4000130,2866990,106.5
3/27/2020,65.27,2755950,65.2,66.1,63.81,2838850,2193950,60.7
3/30/2020,63.26,1559900,65.27,65.27,61.73,1170370,975630,17.8
3/31/2020,63.12,1293290,63.26,64.78,62.43,1088400,1473680,-35.2
4/1/2020,65.2,1155730,63.12,65.2,63.12,629510,581590,4.6
4/3/2020,65.89,1934430,65.2,66.24,65.2,1127340,1228870,-9.6
4/6/2020,66.73,1840550,65.89,67,65.89,325850,965840,-61.6
4/7/2020,68.32,2273090,66.73,68.67,66.45,2141180,1843730,29.3
4/8/2020,68.67,904920,68.32,68.67,66.93,1853230,1781840,7.1
4/9/2020,69.43,1220550,68.67,69.99,68.81,1093660,1100440,-0.7
4/10/2020,69.09,1111470,69.43,69.43,68.04,788790,635980,15.2
4/13/2020,68.74,1127670,69.09,69.22,68.18,772750,842340,-6.9
4/14/2020,68.67,1059560,68.74,69.15,68.46,1350400,1103680,24.5
4/15/2020,68.81,886130,68.67,69.15,68.81,1442310,1575420,-13.3
4/16/2020,68.88,1155660,68.81,69.02,68.6,1205530,1566920,-35.9
4/17/2020,68.88,1767310,68.88,69.43,68.67,1119040,1954500,-82.9
4/20/2020,69.36,1471680,68.88,70.19,69.36,788070,1214120,-42.7
4/21/2020,67.14,2129360,69.36,69.36,66.45,3457600,3387080,6.8
4/22/2020,67.63,1085950,67.14,67.7,66.45,985390,1677120,-67.2
4/23/2020,66.66,1443180,67.63,68.39,66.52,163690,1106140,-91.1
4/24/2020,71.3,3624460,66.66,71.3,67.63,717710,1676470,-97
4/27/2020,71.3,1950560,71.3,73.87,71.3,370080,883610,-53.4
4/28/2020,69.71,1401520,71.3,71.44,69.15,550200,1098500,-55.3
4/29/2020,68.67,1769090,69.71,69.71,68.67,620700,1383110,-75.6
5/4/2020,67.7,1235970,68.67,68.67,67.28,575930,669020,-9
5/5/2020,69.71,1163800,67.7,69.99,67.98,2317400,2078330,23.6
5/6/2020,70.4,1105020,69.71,70.4,69.15,1905800,1887630,1.8
5/7/2020,71.72,1583260,70.4,72,70.4,2655150,2263630,40
5/8/2020,72.83,3184170,71.72,74.63,72.14,1784420,1278573,53.6
5/11/2020,75.26,1792200,72.83,75.26,72.62,1047590,208350,89.7
5/12/2020,79,2944650,75.26,79.35,74.5,1565540,165740,155
5/13/2020,78.87,2507730,79,79.77,76.3,2357420,1457676,102.1
5/14/2020,78.38,1397750,78.87,79,78.03,897660,183890,80.9
5/15/2020,76.85,2320230,78.38,78.73,75.88,1952520,2188900,-26.3
5/18/2020,77.06,898370,76.85,77.55,75.61,673880,690910,-1.9
5/19/2020,78.1,1432400,77.06,79.35,77.89,551050,647180,-10.9
5/20/2020,79.07,1199680,78.1,79.35,78.03,835010,377200,52.1
5/21/2020,79.77,1582090,79.07,79.77,78.73,1029740,450080,66.3
5/22/2020,79.35,1083060,79.77,79.77,78.73,666280,285610,43.6
5/25/2020,81.57,1581860,79.35,81.57,79.14,1006230,254820,87.4
5/26/2020,81.57,983170,81.57,81.85,79.91,622710,258490,42.8
5/27/2020,79.77,1108350,81.57,81.71,79.77,359730,304490,6.4
5/28/2020,79.63,1004500,79.77,80.46,79.63,547360,520300,3.1
5/29/2020,79.77,1203680,79.63,79.91,78.73,1265690,1062930,23.3
6/1/2020,80.53,1047020,79.77,81.15,79.84,774640,459750,36.7
6/2/2020,80.46,891910,80.53,81.15,80.25,631820,342420,33.7
6/3/2020,80.88,1322080,80.46,81.92,80.18,947590,610110,39.4
6/4/2020,81.71,735420,80.88,81.78,81.15,600720,264590,39.6
6/5/2020,82.68,1076470,81.71,82.68,80.95,602180,49790,65.4
6/8/2020,85.18,1419750,82.68,85.59,82.61,813510,280600,65.3
6/9/2020,86.7,1704320,85.18,87.4,85.39,612500,730160,-14.8
6/10/2020,85.32,1242180,86.7,87.4,85.18,817400,629630,23.6
6/11/2020,84.83,1098260,85.32,86.7,83.93,482970,318640,20.4
6/12/2020,81.85,2394330,84.83,84.83,79.49,505930,1590500,-127.4
6/15/2020,77.69,2058870,81.85,83.86,77.69,530210,1231360,-80.7
6/16/2020,81.15,844740,77.69,81.5,79.07,1184250,1218620,-3.9
6/17/2020,80.18,513570,81.15,81.29,80.04,159120,197990,-4.5
6/18/2020,79.91,523160,80.18,80.88,79.14,163720,271640,-12.4
6/19/2020,79.77,1251600,79.91,80.81,79.77,650300,1402140,-86.6
6/22/2020,80.04,867620,79.77,80.39,79.63,181390,471810,-33.5
6/23/2020,80.46,1063470,80.04,80.74,80.18,417850,735930,-36.9
6/24/2020,81.22,750960,80.46,82.13,80.74,239240,263250,-2.8
6/25/2020,80.74,572770,81.22,81.22,79.98,174880,329880,-17.9
6/26/2020,80.39,495750,80.74,81.22,80.04,50340,250550,-23.2
6/29/2020,78.63,1519040,80.39,80.39,77.37,228570,819450,-66.1
6/30/2020,79.2,797960,78.63,79.76,78.63,402030,367730,3.9
7/1/2020,80.6,450020,79.2,80.81,78.7,293660,70850,25.3
7/2/2020,79.41,720480,80.6,80.74,79.41,368160,421030,-6
7/3/2020,80.18,729290,79.41,80.25,79.27,554070,450820,11.8
7/6/2020,81.87,1319980,80.18,81.94,80.32,1409010,1118644,33.6
7/7/2020,81.52,1024960,81.87,82.29,81.52,542450,539050,0.4
7/8/2020,81.16,551310,81.52,81.52,81.16,625340,601500,2.8
7/9/2020,81.45,1560410,81.16,82.01,81.16,1034080,1012240,2.6
7/10/2020,81.02,677180,81.45,81.8,81.02,1211630,1273270,-7.1
7/13/2020,80.67,943850,81.02,81.38,80.32,489460,692490,-23.4
7/14/2020,80.95,731170,80.67,80.95,80.04,322800,284520,4.4
7/15/2020,81.52,1015000,80.95,82.22,81.52,1256380,1189650,7.8
7/16/2020,82.57,1112460,81.52,82.57,81.66,1025259,761689,30.6
7/17/2020,82.08,583510,82.57,82.57,81.87,408450,150940,30.1
7/20/2020,81.3,474700,82.08,82.08,81.16,554890,537420,2
7/21/2020,81.52,1618780,81.3,81.73,80.53,1478590,1775030,-34.1
7/22/2020,80.18,1051320,81.52,81.52,80.18,661350,1010430,-40.1
7/23/2020,80.25,766500,80.18,80.53,79.76,691560,779850,-10.1
7/24/2020,78.07,2313270,80.25,80.25,76.6,551470,902080,-39.3
7/27/2020,72.66,2553780,78.07,78.07,72.66,634850,1497990,-90.6
7/28/2020,77.23,1390810,72.66,77.23,73.08,908220,717750,20.4
7/29/2020,74.49,1497450,77.23,77.23,74.14,729140,687590,4.6
7/30/2020,76.6,1028620,74.49,76.95,75.05,926990,885440,4.6
7/31/2020,75.19,839830,76.6,76.74,74.84,636310,382790,27.5
8/3/2020,76.74,860190,75.19,77.3,75.68,284560,415360,-14.3
8/4/2020,78.21,765170,76.74,78.21,77.23,501300,493440,0.9
8/5/2020,78.78,888080,78.21,79.83,77.3,532930,702310,-19
8/6/2020,80.67,1360570,78.78,81.52,78.78,561650,185270,43.1
8/7/2020,81.16,1148200,80.67,81.52,80.67,707310,347700,41.5
8/10/2020,80.46,1412680,81.16,81.87,80.46,530010,822160,-33.8
8/11/2020,80.46,852250,80.46,80.81,80.11,1018950,1117860,-11.3
8/12/2020,81.23,1451960,80.46,81.45,80.46,859900,172550,79.4
8/13/2020,81.8,1238980,81.23,81.94,81.45,603990,218060,44.9
8/14/2020,82.01,1623690,81.8,82.92,81.66,253060,492920,-28.1
8/17/2020,82.22,906890,82.01,82.85,81.02,90450,95460,-0.6
8/18/2020,81.23,604570,82.22,82.5,81.23,177350,463680,-33.3
8/19/2020,81.02,981840,81.23,81.52,80.74,131250,445330,-36.3
8/20/2020,80.95,1254280,81.02,81.38,80.53,210670,559650,-40.2
8/21/2020,81.23,884990,80.95,81.52,80.88,95980,563588,-54
8/24/2020,81.87,1526860,81.23,82.64,81.52,254310,1077040,-95.9
8/25/2020,82.43,1693030,81.87,82.85,82.08,331490,911620,-68
8/26/2020,82.29,1922780,82.43,83.06,82.15,243390,1033190,-92.9
8/27/2020,82.36,799570,82.29,82.85,82.22,481480,801540,-37.6
8/28/2020,83.83,1341270,82.36,84.33,82.36,896440,781810,13.5
8/31/2020,85.03,1634090,83.83,85.03,83.98,654450,593070,7.5
9/1/2020,86.58,1448060,85.03,86.58,84.47,433630,356040,9.5
9/3/2020,87.63,2016680,86.58,87.7,86.79,1374900,1200180,21.7
9/4/2020,87.84,1711980,87.63,87.84,86.5,1318600,854740,57.6
9/7/2020,88.54,2178380,87.84,90.23,87.77,1829440,1218100,77.7
9/8/2020,87.28,1809570,88.54,89.53,87.07,1537910,2146470,-75.8
9/9/2020,87,1621920,87.28,87.28,85.38,131940,405240,-33.7
9/10/2020,87.63,848330,87,88.12,87.42,259920,477400,-27.2
9/11/2020,87,956670,87.63,87.63,86.79,615780,1026360,-50.9
9/14/2020,87.28,1194170,87,87.84,87.14,521950,830230,-38.3
9/15/2020,87.7,882030,87.28,87.77,87.14,495170,851690,-44.3
9/16/2020,87.28,724510,87.7,87.84,87.07,51630,399240,-43.2
9/17/2020,87.49,1376570,87.28,88.4,87.14,177510,373340,-24.4
9/18/2020,88.82,1224030,87.49,88.82,87.28,578020,594250,-1.7
9/21/2020,91.42,2614310,88.82,91.49,88.82,949790,480720,60.7
9/22/2020,91.07,1244610,91.42,91.49,90.3,597660,368520,29.8
9/23/2020,90.79,1042800,91.07,91.49,90.72,132580,210120,-10
9/24/2020,89.46,1506610,90.79,90.79,89.46,326110,807220,-61.5
9/25/2020,89.74,1011140,89.46,89.95,89.6,318720,509050,-24.3
9/28/2020,90.16,2169790,89.74,90.37,89.46,121770,1078360,-122.3
9/29/2020,93.54,5191680,90.16,96.46,92.51,332110,1933290,-176
9/30/2020,93.29,1432380,93.54,95.43,92.94,57010,545200,-53.3
10/1/2020,93.63,1702500,93.29,93.71,92.43,766290,1196280,-46.7
10/2/2020,92.51,2864220,93.63,94.31,91.4,538800,1187200,-70.4
10/5/2020,91.92,1427600,92.51,93.37,91.66,54260,814736,-81.8
10/6/2020,91.66,2044710,91.92,92.51,91.23,97670,1083380,-105.5
10/7/2020,92.51,2153700,91.66,92.51,91.23,387960,1325200,-100.5
10/8/2020,91.57,1325810,92.51,92.51,91.49,565160,950390,-41.2
10/9/2020,91.4,980970,91.57,91.74,91.32,236840,498220,-27.9
10/12/2020,91.66,1209250,91.4,92.34,91.32,565160,950390,-35.8
10/13/2020,91.74,858550,91.66,92.51,91.57,956190,929670,2.8
10/14/2020,92,1299160,91.74,92.26,91.49,925590,939860,-1.5
10/15/2020,92.09,1854560,92,92.43,91.66,1411110,1142890,28.8
10/16/2020,92,1637740,92.09,92.51,91.57,744170,514460,24.7
10/19/2020,92.26,1617740,92,92.77,92,754730,628910,13.6
10/20/2020,90.97,2150990,92.26,92.26,90.8,126750,599620,-50.4
10/21/2020,91.14,805550,90.97,91.57,90.8,198170,247280,-5.2
10/22/2020,91.4,2422540,91.14,91.49,90.03,222590,1352360,-119.7
10/23/2020,94.23,2946790,91.4,94.23,91.74,344740,251590,10
10/26/2020,94.66,2313520,94.23,96.37,94.23,387650,38340,39.1
10/27/2020,93.89,1721090,94.66,95.08,93.46,488280,118600,40.7
10/28/2020,92,2609180,93.89,93.89,91.23,519310,675390,-16.9
10/29/2020,91.57,1723240,92,92,90.46,504730,717830,-22.7
10/30/2020,92.51,2683620,91.57,92.51,90.2,649430,1427840,-82.2
11/2/2020,92.17,867340,92.51,92.51,91.66,847400,902460,-5.9
11/3/2020,92.26,870230,92.17,92.51,91.66,494780,750910,-27.6
11/4/2020,92.51,1342780,92.26,93.71,92,614420,359440,27.6
11/5/2020,93.2,1891270,92.51,93.71,92.51,830920,49820,85.2
11/6/2020,93.2,1011020,93.2,93.71,92.51,654180,326910,35.6
11/9/2020,93.2,1066640,93.2,93.71,92.94,294440,236240,6.4
11/10/2020,92.09,2297200,93.2,93.54,92.09,117750,1244311,-121.9
11/11/2020,92.09,2429710,92.09,92.43,90.8,404470,1157600,-80.3
11/12/2020,91.66,1074590,92.09,92.09,91.4,114650,743067,-67.2
11/13/2020,92,1089500,91.66,92,91.66,632110,1037660,-43.5
11/16/2020,91.74,2571160,92,93.11,91.66,958370,705690,27.3
11/17/2020,92.17,1648330,91.74,92.26,91.66,741640,862130,-12.9
11/18/2020,93.71,3396750,92.17,93.8,92.34,1092730,161400,101.3
11/19/2020,93.97,3140680,93.71,93.97,93.37,1575290,686150,97.3
11/20/2020,95,2801420,93.97,95.51,93.46,1043630,512040,58.4
11/23/2020,94.74,2104330,95,95.34,94.06,988620,615210,41.2
11/24/2020,93.89,1937130,94.74,95,93.37,431070,349170,9.1
11/25/2020,94.66,2190900,93.89,95.08,93.46,502030,289780,23.4
11/26/2020,94.14,1490270,94.66,95,93.63,404430,453910,-5.4
11/27/2020,94.06,2823860,94.14,94.14,93.11,751510,1545930,-86.6
11/30/2020,92.69,2687040,94.06,94.23,92.51,1191190,1230790,-4.3
12/1/2020,93.97,2493230,92.69,94.06,91.83,1367320,467100,98.1
12/2/2020,93.37,1332460,93.97,94.06,93.11,292620,82860,23
12/3/2020,93.8,1108730,93.37,94.14,93.2,885300,516030,40.4
12/4/2020,93.37,1571130,93.8,93.97,93.2,437530,684230,-26.9
12/7/2020,94.23,1970400,93.37,95,93.2,647820,266990,41.9
12/8/2020,93.54,1468350,94.23,94.49,93.37,417000,633140,-23.6
12/9/2020,93.97,1701940,93.54,94.31,93.63,619820,411370,22.9
12/10/2020,95.94,6077770,93.97,97.57,94.49,1391190,754304,71.7
12/11/2020,96.46,2297940,95.94,96.63,95.77,1072250,963870,12.2
12/14/2020,97.14,2535300,96.46,97.14,96.28,869040,1191920,-36.3
12/15/2020,95.26,4572910,97.14,97.14,94.91,309790,2259920,-218
12/16/2020,95.6,2106480,95.26,96.2,94.83,747080,910730,-18.2
12/17/2020,94.57,2951870,95.6,95.6,94.49,565690,792330,-25.1
12/18/2020,94.57,3342900,94.57,95.08,94.23,1070650,2126650,-116.5
12/21/2020,95.08,2341080,94.57,95.43,94.4,486530,628430,-15.6
12/22/2020,94.14,2266760,95.08,95.08,94.06,282730,707390,-46.8
12/23/2020,94.4,2432590,94.14,95.43,94.14,598660,678913,-8.8
12/24/2020,93.11,2511360,94.4,94.66,92.51,180420,735190,-60.3
12/25/2020,93.37,1755510,93.11,93.46,92.6,47390,318770,-29.5
12/28/2020,93.11,2305300,93.37,93.97,92.77,145130,612840,-50.9
12/29/2020,93.54,1299700,93.11,93.71,93.03,169390,193860,-2.7
12/30/2020,93.2,1856600,93.54,94.4,93.03,886010,1297160,-43.5
12/31/2020,93.2,993810,93.2,94.14,93.2,58280,141500,-9.1
1/4/2021,93.63,2299600,93.2,94.06,93.37,335200,1081200,-81.5
1/5/2021,95.79,4013900,93.63,96.83,93.71,1134200,642200,54.3
1/6/2021,94.93,2823100,95.79,96.22,94.93,605400,450000,17.2
1/7/2021,95.44,2453000,94.93,95.79,94.93,414700,685800,-29.9
1/8/2021,96.83,3323000,95.44,97.61,95.88,385700,542400,-17.5
1/11/2021,100.2,4603900,96.83,100.29,97.26,642900,480200,18.5
1/12/2021,100.54,2344900,100.2,100.89,99.77,592100,425000,18.1
1/13/2021,98.99,2521600,100.54,101.32,98.73,534000,283100,29.2
1/14/2021,97.78,3680400,98.99,98.99,97.35,505400,1551000,-118.4
1/15/2021,98.47,2125700,97.78,99.68,97.78,314200,417900,-11.8
1/18/2021,97.95,2624000,98.47,99.51,97.95,357800,677400,-36.5
1/19/2021,93.11,3668300,97.95,97.95,92.5,1126772,1180772,-5.6
1/20/2021,94.23,3363700,93.11,94.67,91.64,1647300,707900,101.6
1/21/2021,95.36,2531200,94.23,95.7,94.06,586800,509300,8.4
1/22/2021,93.97,2429000,95.36,95.79,93.97,399600,1381100,-107.3
1/25/2021,93.54,2554800,93.97,94.84,93.37,356700,1424400,-116
1/26/2021,92.25,2596900,93.54,93.8,90.78,339400,1147000,-85.9
1/27/2021,89.31,3153800,92.25,92.33,88.61,565800,1514500,-99
1/28/2021,83.08,4565600,89.31,89.31,83.08,886900,1062200,-17.4
1/29/2021,88.87,4140500,83.08,88.87,82.99,1245900,925200,32.2
2/1/2021,88.79,2934800,88.87,90.95,88.18,2247700,1406100,87.5
2/2/2021,91.99,3350900,88.79,92.5,88.44,2462100,1321200,120.3
2/3/2021,94.84,3056500,91.99,94.84,91.99,1997500,708200,140.5
2/4/2021,94.06,1896800,94.84,94.84,92.5,1027100,433300,64.4
2/5/2021,94.75,2231200,94.06,95.1,93.89,1746800,844200,98.7
2/8/2021,91.03,4331600,94.75,94.75,89.74,1403000,2800900,-146.1
2/9/2021,93.37,1931700,91.03,94.15,90.69,2174800,2418600,-25.7
2/17/2021,93.97,2872300,93.37,94.15,92.76,640400,1689400,-113
2/18/2021,94.23,2847400,93.97,94.23,92.94,872100,1049500,-19.2
2/19/2021,93.37,2696500,94.23,94.23,92.59,540500,1619300,-116.3
2/22/2021,92.94,3006200,93.37,93.37,92.76,417500,2074040,-178.2
2/23/2021,92.5,3048400,92.94,93.37,91.81,1077700,2074100,-106.4
2/24/2021,91.47,2801000,92.5,93.28,91.21,245600,1435000,-126.6
2/25/2021,90.43,4282900,91.47,91.9,90.08,695700,2914000,-233.3
2/26/2021,90.6,3357800,90.43,90.69,89.39,487900,1808500,-137
3/1/2021,91.29,2179000,90.6,91.55,90.78,506900,1259100,-79.2
3/2/2021,90.69,3050100,91.29,92.07,89.91,297000,1905067,-168.9
3/3/2021,90.34,2551300,90.69,90.69,89.91,520200,1526900,-105
3/4/2021,89.39,2755100,90.34,91.21,89.05,517400,1239900,-74.9
3/5/2021,89.05,4187600,89.39,89.39,87.92,157700,2809500,-270.8
3/8/2021,88.35,3208200,89.05,89.57,87.92,74300,2065700,-203.9
3/9/2021,86.89,4141900,88.35,88.35,86.63,164700,2879600,-273
3/10/2021,87.4,3391300,86.89,88.61,86.28,205700,2047000,-185.5
3/11/2021,88.87,2417000,87.4,89.74,88.27,186300,1329900,-117.4
3/12/2021,88.35,2704600,88.87,89.31,87.92,727900,1287994,-57.5
3/15/2021,88.35,2379400,88.35,89.05,88.27,1005500,1174400,-17.3
3/16/2021,87.32,4121100,88.35,88.44,86.54,607700,2823300,-223.4
3/17/2021,86.89,3568400,87.32,87.32,86.54,282800,2313900,-203.9
3/18/2021,88.61,2553400,86.89,88.61,87.32,130200,1031000,-91.7
3/19/2021,87.92,2339400,88.61,88.61,87.66,211700,1388100,-119.7
3/22/2021,87.14,3416300,87.92,88.01,86.97,322800,1986500,-168
3/23/2021,86.63,4554300,87.14,87.14,86.19,379800,2251800,-187.6
3/24/2021,85.33,3192200,86.63,86.63,85.16,287400,801709,-51.2
3/25/2021,85.16,3152700,85.33,86.19,84.98,344200,1684600,-132.4
3/26/2021,84.21,3653700,85.16,85.16,83.51,614600,1212000,-58.3
3/29/2021,85.59,2790300,84.21,86.37,84.55,857800,1295300,-43.3
3/30/2021,85.76,2590400,85.59,86.54,85.24,2705700,2927600,-22
3/31/2021,85.07,2815600,85.76,85.76,84.72,354900,1774600,-139.9
4/1/2021,87.32,5594000,85.07,87.32,84.72,1158200,3025700,-186.8
4/2/2021,88.79,3840000,87.32,89.91,88.27,528000,629700,-10.4
4/5/2021,88.7,2822700,88.79,90.34,88.35,537600,525200,1.9
4/6/2021,87.75,3452600,88.7,88.79,87.14,373400,873200,-50.6
4/7/2021,86.54,3503700,87.75,87.75,86.45,730800,1634900,-90.7
4/8/2021,86.37,3603800,86.54,86.89,85.93,1051800,1354600,-30.3
4/9/2021,86.28,2716700,86.37,86.45,85.76,827900,925200,-9.8
4/12/2021,86.45,3632400,86.28,86.71,86.02,1330000,1880800,-55.1
4/13/2021,86.45,3799100,86.45,87.92,86.19,1618500,1692200,-7.2
4/14/2021,85.85,3498500,86.45,86.45,85.5,666400,2330100,-165.1
4/15/2021,85.67,3549400,85.85,86.89,85.5,1180200,1343000,-16.2
4/16/2021,83.77,4876400,85.67,85.67,83.34,104400,1631800,-148.7
4/19/2021,83.08,5722900,83.77,84.29,82.22,900400,3641060,-262.6
4/20/2021,85.85,6987200,83.08,87.32,83.77,1395800,2706438,-129.7
4/22/2021,84.72,3166300,85.85,86.02,83.86,1592900,1359200,-12.1
4/23/2021,86.02,3556800,84.72,86.37,83.69,1655700,670600,96.5
4/26/2021,82.99,5045600,86.02,86.02,82.99,2626800,3041314,-40.3
4/27/2021,82.74,3149400,82.99,83.43,82.13,3018400,3072600,-5
4/28/2021,81.01,5027100,82.74,82.82,80.83,1540600,2269200,-68.7
4/29/2021,80.83,6499700,81.01,81.44,79.1,1033600,3368800,-216.1
5/4/2021,79.19,4112800,80.83,80.83,79.1,1104000,1614800,-46.6
5/5/2021,79.54,3792300,79.19,80.4,79.19,1024500,1725700,-64.6
5/6/2021,77.46,7448600,79.54,79.54,77.46,753500,3925800,-287.3
5/7/2021,75.21,6744500,77.46,77.46,75.04,1121500,2211500,-95.7
5/10/2021,80.4,8176900,75.21,80.4,74.44,2787200,2275100,46.3
5/11/2021,78.84,4197000,80.4,81.7,78.84,618900,914200,-27.1
5/12/2021,79.36,3199300,78.84,79.71,77.81,681100,682600,-0.2
5/13/2021,78.24,3118400,79.36,79.36,78.24,609500,325200,25.8
5/14/2021,77.38,4391200,78.24,78.84,77.38,646400,1921000,-114.9
5/17/2021,75.39,5001300,77.38,77.81,75.39,475300,2476400,-176.1
5/18/2021,75.21,2970100,75.39,76.08,75.04,68100,1076000,-88
5/19/2021,75.65,3526100,75.21,76.94,75.3,930900,2184907,-110.2
5/20/2021,76.08,2800500,75.65,76.16,75.21,567300,1002000,-38.1
5/21/2021,77.12,3942800,76.08,78.5,75.3,2319700,2433420,-9.9
5/24/2021,78.84,4349800,77.12,79.45,77.38,801000,270900,48.2
5/25/2021,78.24,2791200,78.84,78.84,77.81,910200,543800,33.2
5/26/2021,78.67,3773300,78.24,79.45,77.2,1479200,741900,67.1
5/27/2021,78.24,2924300,78.67,79.19,77.81,911400,174100,67.1
5/28/2021,78.76,3122200,78.24,79.28,78.15,651100,176400,43.2
5/31/2021,78.24,3095900,78.76,79.54,77.98,827200,1006991,-16.3
6/1/2021,77.72,2339900,78.24,78.41,77.72,133800,541100,-36.7
6/2/2021,77.29,3672400,77.72,77.72,76.94,203400,869500,-59.5
6/3/2021,77.98,3629000,77.29,78.5,77.63,618500,1054200,-39.3
6/4/2021,77.38,4564400,77.98,78.67,77.03,570700,2484000,-171.8
6/7/2021,78.25,3736600,77.38,78.43,77.03,761000,729800,3
6/8/2021,78.51,5477700,78.25,79.91,78.25,1247600,2404798,-104.5
6/9/2021,77.99,3013500,78.51,78.86,77.73,754100,622000,11.8
6/10/2021,80.7,5619300,77.99,81.93,77.55,1748000,737600,90.7
6/11/2021,80.53,2940400,80.7,80.96,79.83,614200,144400,43.2
6/14/2021,80.96,4875100,80.53,81.84,80.09,1075500,741100,30.7
6/15/2021,81.31,4534800,80.96,81.58,80.61,1811600,1315100,46
6/16/2021,80.35,3041200,81.31,81.4,79.91,1540300,915200,57.8
6/17/2021,79.65,2388800,80.35,80.7,79.48,832900,140400,63.4
6/18/2021,80.61,2971800,79.65,81.14,80,3227600,2178294,96.8
6/21/2021,79.3,4193600,80.61,80.61,79.3,414500,1463700,-95.5
6/22/2021,79.3,2242800,79.3,80.09,79.3,1260200,1230600,2.8
6/23/2021,78.78,3357300,79.3,79.48,78.51,509000,553700,-4.1
6/24/2021,77.64,4225000,78.78,78.95,77.29,353500,599124,-21.9
6/25/2021,78.51,2079300,77.64,78.69,77.64,609200,192200,37.2
6/28/2021,78.08,1847900,78.51,78.95,77.9,363900,136000,20.4
6/29/2021,79.65,4368100,78.08,80.26,77.9,1139500,102800,93.7
6/30/2021,79.13,2115600,79.65,79.74,78.95,821200,684400,12.4
7/1/2021,79.56,3811500,79.13,79.91,79.13,850600,798000,4.7
7/2/2021,78.86,2750900,79.56,79.65,78.86,925700,707700,19.8
7/5/2021,78.08,2931000,78.86,79.13,77.55,363300,516200,-12.3
7/6/2021,76.15,4706900,78.08,78.6,76.15,773100,1218900,-39.6
7/7/2021,78.6,4738700,76.15,78.6,75.8,2242100,161000,183.7
7/8/2021,77.38,1908900,78.6,78.6,77.03,667300,305700,24.5
7/9/2021,76.15,3058100,77.38,77.38,76.06,904000,689800,18.7
7/12/2021,75.54,4833100,76.15,77.03,73.79,624300,401500,18.9
7/13/2021,73.79,2883300,75.54,75.71,73.7,402900,1559300,-98
7/14/2021,74.4,4180200,73.79,75.01,73.79,2072200,2111700,-2.8
7/15/2021,74.57,3284100,74.4,75.54,73.96,1971400,962800,86
7/16/2021,75.19,1449600,74.57,75.45,74.66,587700,66300,44.8
7/19/2021,74.4,4111700,75.19,75.19,73.52,1511300,73300,121.8
7/20/2021,75.19,3207300,74.4,75.27,73.79,1517700,1373600,12.5
7/21/2021,74.66,1696200,75.19,75.19,74.57,1020600,997800,2
7/22/2021,75.98,2152400,74.66,76.24,74.66,765400,165600,51.8
7/23/2021,76.68,4126700,75.98,78.6,75.36,1622800,401500,106.1
7/26/2021,77.81,2791500,76.68,78.08,76.94,258700,223100,3.2
7/27/2021,76.59,2388200,77.81,78.34,76.59,288900,700600,-36.2
7/28/2021,76.06,1665500,76.59,76.59,75.8,545500,453000,8
7/29/2021,75.98,2648300,76.06,76.76,75.27,492200,419900,6.5
7/30/2021,75.36,4405200,75.98,76.33,75.19,260200,744200,-41.8
8/2/2021,75.71,2574300,75.36,76.06,75.27,536500,1022300,-42
8/3/2021,76.24,2714600,75.71,76.59,75.8,571000,725900,-13.6
8/4/2021,76.24,2873000,76.24,76.59,76.15,1201500,1025400,15.3
8/5/2021,75.8,2833600,76.24,76.24,75.8,164200,1116200,-82.6
8/6/2021,76.33,3960600,75.8,77.38,75.8,484700,1411200,-81
8/9/2021,76.76,2731300,76.33,76.94,76.15,1452700,2285500,-72.8
8/10/2021,78.25,5833300,76.76,78.78,77.03,890300,932900,-3.6
8/11/2021,79.56,5330400,78.25,80,78.6,1311100,848600,42.6
8/12/2021,79.21,4287800,79.56,80.09,79.04,1203040,1814240,-55.4
8/13/2021,78.69,4105500,79.21,79.21,78.08,1133700,867000,25.2
8/16/2021,78.34,3270800,78.69,79.3,77.9,98400,670300,-51.4
8/17/2021,78.16,2202200,78.34,78.86,77.99,632600,1016600,-34.4
8/18/2021,78.78,4710100,78.16,79.56,78.25,155300,1964800,-163.4
8/19/2021,79.04,3061300,78.78,79.21,78.6,479400,973800,-44.6
8/20/2021,76.85,4326800,79.04,79.04,76.15,111100,533500,-37.8
8/23/2021,75.27,4356500,76.85,76.85,75.27,598500,329600,23.3
8/24/2021,75.54,2375700,75.27,76.15,75.01,433900,154500,24.2
8/25/2021,76.06,1675500,75.54,76.24,75.27,268600,296500,-2.4
8/26/2021,76.15,1896000,76.06,76.76,75.89,739200,245100,43.2
8/27/2021,76.15,2346900,76.15,76.59,75.89,480200,756900,-24.1
8/30/2021,76.5,4306000,76.15,76.68,76.15,657864,3068464,-210.6
8/31/2021,76.5,2957200,76.5,76.68,76.24,681200,1251100,-49.8
9/1/2021,77.11,3430100,76.5,77.73,76.33,1044200,1701700,-57.9
9/6/2021,77.29,3212200,77.11,77.73,77.2,820300,1687600,-76.8
9/7/2021,76.84,2622200,77.29,78.18,76.84,770700,1212600,-38.3
9/8/2021,76.04,3682200,76.84,76.84,75.95,784500,1448500,-56.8
9/9/2021,75.86,2452400,76.04,76.13,75.68,220600,1354100,-96.7
9/10/2021,77.02,3962100,75.86,77.47,75.68,3046900,3700600,-55
9/13/2021,77.64,2956200,77.02,77.82,76.84,822900,395400,37.3
9/14/2021,77.47,2482900,77.64,77.73,77.11,1686600,1489900,17.1
9/15/2021,76.66,2425000,77.47,77.47,76.66,392900,1229600,-72.2
9/16/2021,76.93,1825400,76.66,77.02,76.49,2099500,2567700,-40.3
9/17/2021,77.02,5292600,76.93,78.71,76.84,1927100,2232600,-25.8
9/20/2021,78.98,5447700,77.02,79.34,77.73,1289400,225000,93.9
9/21/2021,79.07,3096300,78.98,79.16,78.09,969400,126100,74.4
9/22/2021,81.47,10050100,79.07,81.65,78.8,2537400,2080200,41.5
9/23/2021,80.85,3941300,81.47,82.27,80.49,1673300,1577800,8.8
9/24/2021,80.76,2990000,80.85,81.38,80.58,1285600,935000,31.7
9/27/2021,79.07,5053900,80.76,81.38,79.07,1845500,642900,108.3
9/28/2021,79.51,3757200,79.07,80.05,78.36,1646200,662080,87.5
9/29/2021,79.78,2763400,79.51,80.23,78.98,1043600,342500,62.5
9/30/2021,79.78,2799400,79.78,80.76,79.78,2212200,1297900,82.3
10/1/2021,79.96,3805400,79.78,80.49,79.34,3693955,3094355,53.6
10/4/2021,80.31,3060200,79.96,81.12,80.23,650500,869200,-19.9
10/5/2021,79.78,2268000,80.31,80.4,79.78,640300,400600,21.5
10/6/2021,79.51,2498500,79.78,80.23,79.42,556500,659300,-9.2
10/7/2021,79.07,2981800,79.51,79.6,79.07,861700,1049300,-16.7
10/8/2021,79.78,2618600,79.07,80.14,78.98,514400,1149000,-56.6
10/11/2021,80.14,2474800,79.78,80.49,79.69,505600,1099300,-42.1
10/12/2021,80.49,3616300,80.14,81.29,80.23,636400,1189500,-50.1
10/13/2021,80.23,3793100,80.49,81.29,80.14,869600,1598900,-66
10/14/2021,80.14,2006400,80.23,80.58,79.78,685100,763000,-7
10/15/2021,80.14,3206000,80.14,80.76,79.78,1952000,1378900,51.7
10/18/2021,79.96,2305800,80.14,80.23,79.42,1313892,1446792,-11.9
10/19/2021,80.4,5984500,79.96,80.58,79.96,4358800,4122154,21.3
10/20/2021,80.14,3480500,80.4,80.67,79.25,3789524,3083224,63.6
10/21/2021,79.34,2936500,80.14,80.23,79.34,2862900,1699600,104.5
10/22/2021,80.58,4487700,79.34,80.58,79.42,3234600,1381500,166.7
10/25/2021,80.23,2769500,80.58,80.67,80.05,1946600,1997100,-4.6
10/26/2021,79.78,1641200,80.23,80.31,79.6,75700,643500,-50.9
10/27/2021,80.49,3549900,79.78,80.67,79.87,1133500,1218600,-7.7
10/28/2021,80.67,4093700,80.49,81.47,80.58,1583100,1999200,-37.8
10/29/2021,80.76,3748500,80.67,81.03,80.4,2205400,2228500,-2.1
11/1/2021,80.14,5083800,80.76,81.29,79.96,257300,1571300,-118.8
11/2/2021,79.42,4888900,80.14,80.14,79.25,79300,958200,-78.5
11/3/2021,78.53,5547900,79.42,79.69,78.53,1482600,1946900,-41.3
11/4/2021,78.71,2513000,78.53,78.98,78.44,44100,535400,-42.6
11/5/2021,79.42,2654600,78.71,79.6,78.8,1374400,1298100,6.9
11/8/2021,80.85,6171800,79.42,81.12,79.78,2505600,1589200,82.9
11/9/2021,79.96,3695000,80.85,81.12,79.87,916600,863700,4.8
11/10/2021,79.87,2666100,79.96,80.23,79.51,100500,898300,-71.5
11/11/2021,79.78,3380600,79.87,80.49,79.51,291600,942600,-58.4
11/12/2021,79.51,2120400,79.78,80.23,79.34,575000,653300,-6.9
11/15/2021,79.25,3268000,79.51,79.78,79.25,536900,1184300,-57.7
11/16/2021,78.89,3251700,79.25,79.51,78.8,640000,821400,-16.1
11/17/2021,79.07,2514400,78.89,79.78,78.89,1273000,1767300,-43.9
11/18/2021,78.36,3900000,79.07,79.07,78.36,656900,1255300,-52.8
11/19/2021,76.66,5151200,78.36,78.71,76.58,217000,1444200,-107
11/22/2021,76.75,3497600,76.66,77.02,76.49,776600,1052600,-23.8
11/23/2021,76.84,2198800,76.75,77.2,76.58,473100,1319371,-73
11/24/2021,77.91,2124500,76.84,77.91,77.02,520700,227500,25.5
11/25/2021,77.91,2175400,77.91,78.53,77.64,271700,336600,-5.7
11/26/2021,78.62,3015700,77.91,79.07,77.91,795500,225100,50.3
11/29/2021,77.91,2835900,78.62,78.62,77.64,563400,343500,20.6
11/30/2021,78,3177100,77.91,79.07,78,1083500,972400,9.9
12/1/2021,77.91,1894500,78,78.89,77.82,1213500,1224800,-0.8
12/2/2021,77.82,1254100,77.91,78.36,77.82,963700,709200,22.3
12/3/2021,76.4,2900400,77.82,78.36,76.4,1053600,874800,15.6
12/6/2021,75.95,3168200,76.4,77.11,75.95,1060200,176800,76.1
12/7/2021,77.02,1530000,75.95,77.02,76.04,499600,590700,-7.8
12/8/2021,76.58,1294500,77.02,77.02,76.31,900400,1198623,-25.7
12/9/2021,77.47,1449900,76.58,77.55,76.31,912400,745300,14.5
12/10/2021,76.84,1485000,77.47,77.47,76.4,95600,513100,-36
12/13/2021,76.93,1495700,76.84,77.29,76.58,795216,434916,28.5
12/14/2021,76.84,1671200,76.93,77.38,76.75,759400,677900,7.1
12/15/2021,76.84,1214100,76.84,77.2,76.84,469100,162800,26.5
12/16/2021,77.11,1610300,76.84,77.11,76.58,880500,153400,62.9
12/17/2021,76.31,2660200,77.11,77.2,76.31,1212300,1761900,-46.8
12/20/2021,76.31,1807000,76.31,76.84,76.22,785300,393900,33.6
12/21/2021,76.13,1192900,76.31,76.58,76.13,641400,286600,30.4
12/22/2021,76.04,1844400,76.13,76.75,75.95,457500,340200,10.1
12/23/2021,75.42,2147800,76.04,76.04,75.24,540600,330100,17.9
12/24/2021,76.58,1148400,75.42,76.58,75.42,392800,121000,23.2
12/27/2021,76.66,1138300,76.58,76.93,76.31,415200,88200,28.1
12/28/2021,76.13,1544400,76.66,76.75,75.86,222800,465500,-20.8
12/29/2021,75.86,945400,76.13,76.22,75.77,121400,34200,7.4
12/30/2021,75.95,893100,75.86,76.22,75.77,161100,14500,12.5
12/31/2021,76.93,2325100,75.95,77.91,75.95,149100,88100,5.3
1/4/2022,77.2,1885600,76.93,77.82,77.2,354200,685800,-28.9
1/5/2022,76.75,3124600,77.2,77.47,76.58,645100,1661200,-87.8
1/6/2022,76.04,2848200,76.75,76.75,75.95,113600,1349700,-105.8
1/7/2022,75.86,2553900,76.04,76.22,75.68,65900,1540384,-125.6
1/10/2022,75.77,2146400,75.86,76.95,75.59,368600,787500,-34.1
1/11/2022,75.77,1829000,75.77,76.04,75.59,563100,252100,26.1
1/12/2022,75.23,2183600,75.77,75.86,74.87,585600,496600,7.4
1/13/2022,75.23,1711600,75.23,75.77,75.05,151400,391400,-19.9
1/14/2022,76.68,2516600,75.23,77.04,74.87,1268000,303100,81.3
1/17/2022,76.13,931900,76.68,76.95,75.95,860400,255000,50.7
1/18/2022,75.5,2100400,76.13,76.13,74.78,891800,289700,50.1
1/19/2022,75.5,1764900,75.5,75.59,74.87,1060500,922500,11.5
1/20/2022,75.14,1488400,75.5,75.5,75.05,471100,337400,11.1
1/21/2022,74.78,1576400,75.14,75.41,74.69,583000,253400,27.3
1/24/2022,73.33,2222200,74.78,74.87,73.33,799400,623920,14.2
1/25/2022,71.7,3758600,73.33,73.33,71.61,527700,2288300,-140.1
1/26/2022,72.15,1452100,71.7,72.88,71.79,553800,354600,16.9
1/27/2022,75.23,2039000,72.15,75.5,72.51,568100,292200,22.5
1/28/2022,75.23,2257400,75.23,76.23,74.96,1043900,1500100,-38.1
2/7/2022,75.59,1324200,75.23,76.04,75.05,657800,706900,-4
2/8/2022,74.23,2708900,75.59,75.59,74.23,1108000,1721200,-50.2
2/9/2022,74.96,1799300,74.23,75.77,74.23,888400,402300,40.3
2/10/2022,74.87,1612500,74.96,75.41,74.51,724100,465900,21.4
2/11/2022,74.23,1624600,74.87,74.87,74.14,891500,1182498,-23.9
2/14/2022,73.42,2971800,74.23,74.23,73.33,1012100,673800,27.6
2/15/2022,73.51,1465300,73.42,73.78,73.33,421500,528500,-8.7
2/16/2022,72.79,2825100,73.51,73.6,72.69,869700,1858600,-79.7
2/17/2022,73.15,1787700,72.79,73.51,72.79,862300,1182400,-25.9
2/18/2022,72.97,1808100,73.15,73.15,72.51,654900,833900,-14.4
2/21/2022,73.33,1280600,72.97,73.87,73.24,148400,219900,-5.8
2/22/2022,72.42,3204500,73.33,73.33,72.15,669600,843100,-13.7
2/23/2022,72.42,2200300,72.42,72.88,72.24,117700,1159100,-83.3
2/24/2022,71.16,2723500,72.42,72.42,71.07,74600,448800,-29.6
2/25/2022,71.43,1347700,71.16,71.97,71.43,197300,114700,6.5
2/28/2022,70.97,2258900,71.43,71.52,70.43,506600,654400,-11.5
3/1/2022,71.7,1273100,70.97,71.88,70.79,426300,189800,18.7
3/2/2022,71.07,2037100,71.7,71.7,70.61,699600,823500,-9.7
3/3/2022,70.97,1486600,71.07,71.52,70.79,626000,899100,-21.5
3/4/2022,70.52,2511600,70.97,70.97,70.43,989400,1890000,-70.3
3/7/2022,69.53,3530800,70.52,70.52,69.44,811600,1938100,-86.7
3/8/2022,68.89,2383000,69.53,69.53,68.8,499200,1190100,-52.7
3/9/2022,67.99,3003700,68.89,69.53,67.9,325400,1674480,-102
3/10/2022,69.8,2971800,67.99,70.52,68.8,658200,836700,-13.7
3/11/2022,70.61,2322900,69.8,71.07,69.8,546500,196800,27.3
3/14/2022,69.89,1654700,70.61,70.61,69.62,912800,786610,9.8
3/15/2022,69.89,1482600,69.89,70.16,69.07,1015700,568900,34.4
3/16/2022,69.98,1850400,69.89,70.61,69.71,906100,430600,36.8
3/17/2022,69.16,1354400,69.98,70.43,69.16,1028700,655700,28.9
3/18/2022,68.8,4233000,69.16,69.71,68.8,1834100,3819900,-150.9
3/21/2022,70.25,1884100,68.8,70.52,68.8,1409900,717700,53.4
3/22/2022,69.62,2390200,70.25,70.52,69.53,997200,1596000,-46.1
3/23/2022,68.89,3226000,69.62,69.71,68.71,785700,1951600,-89
3/24/2022,68.44,3389800,68.89,68.89,68.08,484200,2190208,-128.8
3/25/2022,68.08,2699500,68.44,68.62,67.99,464900,1313200,-63.9
3/28/2022,66.45,4038700,68.08,68.44,66.45,141600,1551500,-104.7
3/29/2022,68.35,2139300,66.45,68.35,66.54,1279300,933740,25.9
3/30/2022,68.98,3413800,68.35,69.35,67.99,919200,342600,44
3/31/2022,73.24,9645800,68.98,73.33,68.8,2918900,167600,218.2
4/1/2022,73.96,6112000,73.24,74.87,72.69,2480900,123000,193.2
4/4/2022,74.41,3808700,73.96,74.69,73.78,2007600,528700,121.2
4/5/2022,72.79,2202100,74.41,74.41,72.79,338100,190000,12
4/6/2022,71.79,4306700,72.79,73.51,71.61,845800,308700,43.1
4/7/2022,71.07,1760300,71.79,72.42,71.07,99500,244600,-11.5
4/8/2022,69.98,2738300,71.07,71.61,69.98,119100,725600,-47.4
4/12/2022,69.53,1776300,69.98,70.43,69.25,38000,203500,-12.7
4/13/2022,69.89,2118800,69.53,71.07,69.44,189800,602200,-31.9
4/14/2022,69.07,1810200,69.89,70.61,69.07,114300,639700,-40.3
4/15/2022,69.25,1362400,69.07,70.25,68.8,326500,163800,13.3
4/18/2022,69.71,2564300,69.25,70.52,69.16,338900,401400,-4.8
4/19/2022,68.8,1670200,69.71,70.34,68.8,282300,362900,-6.3
4/20/2022,68.44,1931100,68.8,69.44,68.44,345300,208300,10.4
4/21/2022,67.9,4615600,68.44,69.25,67.9,1942800,1192500,56.7
4/22/2022,68.71,2800400,67.9,69.25,68.35,1411200,266300,87
4/25/2022,66.54,2659800,68.71,69.07,66.09,908300,227400,50.7
4/26/2022,68.71,3883000,66.54,68.8,64.18,1947500,676500,93.7
4/27/2022,67.9,1826000,68.71,68.71,66.72,630500,615300,1.2
4/28/2022,67.26,1911000,67.9,67.9,66.81,1334200,1352200,-1.3
4/29/2022,67.17,1630100,67.26,67.9,66.99,748800,933900,-13.8
5/4/2022,65.63,1763900,67.17,67.35,65.63,91600,229900,-10.2
5/5/2022,65.27,1548200,65.63,66.27,64.73,103000,607100,-36.5
5/6/2022,63.55,2109800,65.27,65.27,62.92,149100,466700,-22.3
5/9/2022,63.37,2392100,63.55,64.73,63.01,579300,342300,16.6
5/10/2022,63.91,3106500,63.37,65.09,63.37,1180300,1533100,-24.9
5/11/2022,62.92,1793700,63.91,64.37,62.92,100600,1102100,-70.2
5/12/2022,60.2,3189100,62.92,63.19,60.2,900400,401800,34
5/13/2022,59.84,4590600,60.2,61.38,59.66,2655000,1309600,89.5
5/16/2022,59.57,1977800,59.84,61.2,59.48,1325000,1192300,8.7
5/17/2022,63.37,2105100,59.57,63.37,59.02,1091500,190600,63.1
5/18/2022,63.64,1983200,63.37,63.82,62.92,911400,294900,43.3
5/19/2022,62.46,1449400,63.64,63.64,62.46,789800,308400,33.2
5/20/2022,61.65,1296200,62.46,63.28,61.56,354400,344300,0.7
5/23/2022,60.02,2022200,61.65,62.19,59.93,224800,960300,-48.8
5/24/2022,62.37,2033000,60.02,62.37,60.2,625200,366100,17.9
5/25/2022,65.09,2362100,62.37,65.45,62.37,757900,132700,45
5/26/2022,64.55,1530800,65.09,65.09,64,213200,245200,-2.3
5/27/2022,66.09,3456900,64.55,66.36,64,1752800,973400,56.9
5/30/2022,65.63,2124400,66.09,66.09,65.18,858400,915200,-4.1
5/31/2022,64.91,2058700,65.63,65.63,64.91,620700,798800,-12.8
6/1/2022,65.09,1229600,64.91,65.72,64.55,513600,726200,-15.3
6/2/2022,64.37,1487800,65.09,65.18,64.09,544100,739300,-13.9
6/3/2022,63.64,1052800,64.37,64.55,63.37,323000,581900,-18.2
6/6/2022,64.09,1432000,63.64,64.46,63.37,206000,423400,-15.4
6/7/2022,63.91,1322200,64.09,64.09,63.37,274800,566600,-20.6
6/8/2022,64.28,1698600,63.91,64.64,64,230800,570800,-24.1
6/9/2022,63.55,1045100,64.28,64.37,63.55,197000,652700,-32
6/10/2022,62.92,1483300,63.55,63.55,62.92,236600,557500,-22.3
6/13/2022,60.11,2379700,62.92,62.92,59.93,236000,643200,-27
6/14/2022,59.84,1393200,60.11,61.11,59.21,324800,629000,-20.1
6/15/2022,58.39,2680600,59.84,60.2,58.39,1523900,2724700,-77.5
6/16/2022,61.56,2215500,58.39,61.83,58.84,1248900,590900,44.7
6/17/2022,60.38,2502800,61.56,62.1,59.02,1764200,898900,57.7
6/20/2022,62.46,2588200,60.38,63.1,60.11,939400,69300,60
6/21/2022,66.72,4839300,62.46,66.81,62.28,3176200,1105300,152.6
6/22/2022,63.91,2214000,66.72,66.72,63.91,303200,1080000,-54.8
6/23/2022,64,1103100,63.91,65.18,63.37,34100,168100,-9.5
6/24/2022,64.73,1684400,64,66,64.18,499600,369600,9.3
6/27/2022,64.37,1804300,64.73,65.27,63.64,227600,745200,-36.7
6/28/2022,64.09,3037200,64.37,65.81,63.46,611800,1921700,-92.7
6/29/2022,65.45,1941000,64.09,65.81,63.91,879600,1186200,-21.9
6/30/2022,65.36,3582600,65.45,67.72,65.36,408300,845300,-31.6
7/1/2022,66.72,2859000,65.36,66.9,65.18,820500,403500,30.7
7/4/2022,67.99,3139300,66.72,68.62,66.81,923200,495900,32.1
7/5/2022,66.18,2590800,67.99,68.26,66.09,630600,199400,31.5
7/6/2022,65.34,2360100,66.18,66.18,64.24,785400,578900,14.6
7/7/2022,67.47,3049600,65.34,67.47,64.7,1739300,56700,122.8
7/8/2022,67.47,1704200,67.47,67.75,67.01,554200,1555700,53.5
7/11/2022,67.47,2556900,67.47,69.04,66.55,1234500,501300,53.5
7/12/2022,67.75,976100,67.47,68.3,67.1,712000,408600,22.2
7/13/2022,67.01,1423500,67.75,68.03,66.92,602300,219400,27.8
7/14/2022,66.92,982300,67.01,67.66,66.73,513200,298120,15.6
7/15/2022,66.18,1475000,66.92,67.47,66.18,479800,138600,24.4
7/18/2022,66.27,1106700,66.18,66.73,66.08,463000,97700,26.2
7/19/2022,67.29,1530100,66.27,67.38,66.18,973900,433300,39.4
7/20/2022,67.47,1167800,67.29,68.03,67.29,423000,97600,23.8
7/21/2022,67.66,1720500,67.47,68.03,66.73,501800,464400,2.7
7/22/2022,66.55,712300,67.66,67.66,66.55,34100,168100,-1
7/25/2022,67.38,1242600,66.55,67.38,66.36,449900,145900,22.2
7/26/2022,66.55,1154000,67.38,67.47,66.36,745200,978800,-16.8
7/27/2022,66.73,789500,66.55,67.1,66.36,590100,400300,13.7
7/28/2022,67.1,1219400,66.73,67.29,66.82,801900,744700,4.2
7/29/2022,67.29,2582800,67.1,68.03,66.92,1056600,1121400,-4.7
8/1/2022,67.93,2527600,67.29,67.93,66.73,1385100,1308800,5.6
8/2/2022,67.84,2600900,67.93,68.58,67.19,960900,1699600,-54.2
8/3/2022,67.84,3134700,67.84,67.93,67.01,1402600,1307400,7
8/4/2022,67.75,1720600,67.84,67.84,67.29,202500,209600,-0.5
8/5/2022,67.1,2135400,67.75,67.84,67.1,418200,798000,-27.6
8/8/2022,66.73,2795800,67.1,67.1,66.64,619100,1404000,-56.7
8/9/2022,66.55,2129800,66.73,66.92,66.55,617700,939900,-23.2
8/10/2022,67.01,1544800,66.55,67.1,66.55,1291800,1480800,-13.7
8/11/2022,65.71,3884600,67.01,67.1,65.34,347500,1810200,-104
8/12/2022,66.45,1796100,65.71,66.45,65.62,688100,891100,-14.6
8/15/2022,66.08,2525800,66.45,66.55,65.9,52000,1654900,-114.6
8/16/2022,66.36,1688300,66.08,66.92,66.27,1606200,1804356,-14.2
8/17/2022,67.1,1316400,66.36,67.1,66.27,309100,125700,13.3
8/18/2022,67.84,4230600,67.1,68.03,67.1,1839500,257000,116.2
8/19/2022,68.49,5225600,67.84,68.86,67.38,1844100,251100,118
8/22/2022,68.12,2071700,68.49,69.13,68.12,777900,124500,48.2
8/23/2022,70.06,4551200,68.12,70.15,68.03,2254100,84400,164.5
8/24/2022,71.81,5443600,70.06,72.37,70.06,2761500,761400,155.4
8/25/2022,72,2182100,71.81,72.37,71.17,1158000,180600,76.1
8/26/2022,71.08,2463000,72,72.18,70.43,609000,295600,24.1
8/29/2022,69.78,3311500,71.08,71.08,69.69,834500,912600,-5.9
8/30/2022,70.24,2234900,69.78,70.61,69.78,466100,682376,-16.4
8/31/2022,69.78,1657100,70.24,70.61,69.78,444300,427500,1.3
9/5/2022,71.63,3169400,69.78,71.91,69.78,1662200,538200,87.1
9/6/2022,71.91,2649000,71.63,73.02,71.45,493100,36300,35.5
9/7/2022,69.97,2916400,71.91,71.91,69.97,593800,154800,33.2
9/8/2022,69.97,1351100,69.97,70.71,69.5,131600,47100,6.4
9/9/2022,70.15,1188500,69.97,70.71,69.78,556500,224900,25.2
9/12/2022,69.6,1386100,70.15,70.43,69.6,195421,488089,25.2
9/13/2022,69.97,1556500,69.6,70.24,69.5,861658,889328,-1.8
9/14/2022,68.4,2037900,69.97,69.97,68.21,37554,476305,-1.8
9/15/2022,68.86,1207500,68.4,69.5,68.49,596000,531704,-32.5
9/16/2022,70.24,2308600,68.86,70.24,68.76,1755340,191672,118.8
9/19/2022,69.5,1418000,70.24,70.24,69.23,612935,222652,29.3
9/20/2022,70.06,1139700,69.5,70.43,69.6,428440,303292,9.5
9/21/2022,71.08,2477500,70.06,71.72,69.87,589652,80880,39.1
9/22/2022,71.08,1033500,71.08,71.26,70.24,299400,322044,-1.7
9/23/2022,70.89,1398600,71.08,71.45,70.71,769400,544700,17.2
9/26/2022,68.4,3386000,70.89,70.89,68.12,1510400,2345108,-61.8
9/27/2022,66.92,2415500,68.4,69.23,66.82,962400,2184580,-88.5
9/28/2022,66.36,2145700,66.92,67.47,65.53,997900,1542800,-39.1
9/29/2022,67.19,2033200,66.36,67.93,66.73,1114100,939684,12.7
9/30/2022,66.82,2345100,67.19,67.75,66.45,771420,1044458,-19.7
10/3/2022,65.62,2039100,66.82,67.01,65.62,906912,1065696,-11.3
10/4/2022,65.53,1631300,65.62,66.36,64.7,625000,880620,-18.1
10/5/2022,66.18,1493400,65.53,66.55,65.62,789000,709788,5.7
10/6/2022,64.7,1503000,66.18,66.18,64.7,500418,522401,-1.5
10/7/2022,64.51,2685300,64.7,65.9,61.46,1268100,498500,53.7
10/10/2022,65.16,1661900,64.51,66.08,62.29,676344,499763,12.4
10/11/2022,64.88,1718400,65.16,66.08,64.33,1017300,343560,47.3
10/12/2022,66.18,1274000,64.88,66.27,64.79,816710,355286,33
10/13/2022,68.21,3171000,66.18,68.21,65.44,1984104,563100,104.9
10/14/2022,68.4,1436500,68.21,68.86,68.12,1202600,687245,38.1
10/17/2022,68.49,1679700,68.4,69.41,68.12,1316000,300739,75.2
10/18/2022,70.71,3137000,68.49,71.17,69.04,2016200,381572,125
10/19/2022,70.8,1038000,70.71,70.98,70.34,732400,128100,46.2
10/20/2022,71.63,2290400,70.8,71.63,70.06,1173200,345400,63.9
10/21/2022,71.17,2097600,71.63,72.46,70.71,1382800,150100,95.5
10/24/2022,68.4,1578600,71.17,71.35,68.4,662500,350100,23.9
10/25/2022,70.24,1657600,68.4,70.98,68.49,801600,574800,17
10/26/2022,70.24,824700,70.24,70.61,69.87,264400,162500,7.7
10/27/2022,72.55,2283600,70.24,72.55,70.24,981200,58600,71.8
10/28/2022,72.09,1438800,72.55,72.65,71.81,1086417,478104,47.4
10/31/2022,72.55,1572200,72.09,72.55,71.45,1243050,661809,45.6
11/1/2022,74.13,3180100,72.55,76.25,72.55,752108,671420,6.5
11/2/2022,72.37,1830500,74.13,74.22,72.37,608016,905500,-23.3
11/3/2022,73.94,1278300,72.37,74.59,72.09,873150,108410,61.2
11/4/2022,73.94,2909200,73.94,74.86,72.09,1929810,893713,82.9
11/7/2022,75.97,2638300,73.94,75.97,73.94,1265600,86198,96.9
11/8/2022,76.16,2301400,75.97,76.16,73.57,1581961,971052,50.3
11/9/2022,74.77,2701100,76.16,76.16,73.94,1150900,1321480,-13.8
11/10/2022,72.46,2637600,74.77,74.86,71.17,871934,959802,-6.9
11/11/2022,72.46,1564400,72.46,74.31,72.46,1073700,593621,37.6
11/14/2022,73.02,2596800,72.46,75.79,70.34,1597300,1324333,21.6
11/15/2022,71.17,2089600,73.02,73.39,70.71,1668400,1368380,23.1
11/16/2022,68.86,3542600,71.17,72.83,68.21,1696800,2913943,-90.7
11/17/2022,70.24,2599500,68.86,72.37,69.41,1658140,1807620,-11.4
11/18/2022,71.17,2229300,70.24,71.91,69.97,1566921,1235967,25.5
11/21/2022,72,1787400,71.17,72,71.08,1319342,803404,40.2
11/22/2022,73.48,2281200,72,74.13,71.54,1458600,520884,74.5
11/23/2022,73.39,773100,73.48,73.66,72.37,505756,318809,14.8
11/24/2022,75.05,2881100,73.39,75.05,72.92,2228130,1334652,72.6
11/25/2022,75.97,2596100,75.05,76.44,74.86,1559500,523355,85.2
11/28/2022,75.51,2299200,75.97,77.08,75.51,1149850,294704,69.9
11/29/2022,76.71,2404200,75.51,76.99,74.4,1195400,685305,42.3
11/30/2022,76.53,1995600,76.71,76.71,75.33,785212,885100,-8.3
12/1/2022,76.16,2216800,76.53,76.62,75.42,1246100,875362,30.5
12/2/2022,77.64,2521800,76.16,77.64,75.79,1733860,447000,108.1
12/5/2022,78.56,2066000,77.64,79.12,77.73,1003174,353260,55.2
12/6/2022,76.25,1395300,78.56,78.65,76.25,712840,384400,27.1
12/7/2022,76.25,1839600,76.25,77.91,75.6,1027010,863123,13.5
12/8/2022,74.86,1597100,76.25,77.64,74.86,541100,540510,0
12/9/2022,73.94,2408500,74.86,75.6,73.94,816700,1306150,-39.2
12/12/2022,72.55,3142700,73.94,75.7,72.46,1460551,1975543,-40.4
12/13/2022,72.09,3610400,72.55,73.39,71.35,2186674,3418452,-96.1
12/14/2022,71.63,3522100,72.09,73.39,71.63,992500,2589469,-123.8
12/15/2022,71.72,2595300,71.63,73.2,71.45,590500,1603234,-78.6
12/16/2022,72.09,3002000,71.72,72.83,71.72,1051020,1987309,-73
12/19/2022,71.17,2422700,72.09,72.55,71.17,725869,1172100,-34.4
12/20/2022,72.74,3030300,71.17,73.66,71.08,1067210,726940,26.8
12/21/2022,73.66,2305500,72.74,74.5,73.48,714420,358300,28.4
12/22/2022,72.44,1587300,73.66,74.79,72.44,587352,722970,-10.4
12/23/2022,71.69,1561800,72.44,73.57,71.69,513420,528600,-1.2
12/26/2022,71.5,1657600,71.69,73,71.41,715330,280160,33.1
12/27/2022,72.06,1586800,71.5,73.38,71.5,812100,387213,32.5
12/28/2022,72.44,1188500,72.06,73.38,72.06,576820,304400,21
12/29/2022,72.44,1329700,72.44,73.57,72.44,785900,424700,27.8
12/30/2022,71.59,1199300,72.44,73.38,71.59,494500,554397,-4.6
1/3/2023,73.85,1496000,71.59,73.85,71.69,918900,337900,45.6
1/4/2023,74.6,1089800,73.85,74.6,73.95,615006,147877,37
1/5/2023,76.39,2469800,74.6,76.58,74.32,1446802,409204,84.3
1/6/2023,75.07,1269700,76.39,76.39,74.89,573744,261082,25
1/9/2023,75.92,948300,75.07,75.92,74.89,459030,32515,34.4
1/10/2023,76.2,1196000,75.92,76.67,75.83,601300,140984,37.3
1/11/2023,74.7,1534700,76.2,76.77,74.7,574500,912160,-26.8
1/12/2023,75.26,684900,74.7,75.45,74.6,474900,235279,19.2
1/13/2023,75.83,1449000,75.26,76.3,75.36,883400,603397,22.6
1/16/2023,74.7,654700,75.83,76.01,74.7,385820,581608,-15.5
1/17/2023,76.11,1671400,74.7,76.2,74.7,1311397,681204,51
1/18/2023,76.49,1297900,76.11,76.67,75.92,849000,718940,10.6
1/19/2023,76.49,2627700,76.49,76.67,75.26,1773200,1489669,23.1
1/27/2023,75.26,2331800,76.49,77.05,74.89,884400,1724208,-67.2
1/30/2023,74.7,1614000,75.26,75.26,74.7,768200,1051870,-22.5
1/31/2023,72.53,4817500,74.7,74.79,72.35,1609945,3635454,-156.2
2/1/2023,72.63,1810400,72.53,73.19,72.35,498200,1003520,-39
2/2/2023,72.16,1494400,72.63,72.91,72.16,685000,819007,-10.3
2/3/2023,71.5,1855200,72.16,72.53,71.41,744710,845600,-7.7
2/6/2023,72.82,1910700,71.5,72.91,71.41,1089001,775700,24.2
2/7/2023,71.59,1274400,72.82,73,71.59,799400,482345,24.1
2/8/2023,71.31,1550000,71.59,72.06,71.22,567995,891300,-24.5
2/9/2023,70.56,1593600,71.31,71.5,70.56,103659,843878,-55.5
2/10/2023,71.41,1236100,70.56,71.41,70.56,197800,426060,-17.3
2/13/2023,70.84,1569000,71.41,71.41,69.71,561413,869480,-23.2
2/14/2023,70.28,1073500,70.84,71.22,69.99,569470,532250,2.8
2/15/2023,71.5,1443500,70.28,71.5,69.99,655100,529410,9.6
2/16/2023,71.97,691300,71.5,71.97,71.12,378100,79400,22.9
2/17/2023,71.5,777000,71.97,71.97,70.84,640410,564088,5.8
2/20/2023,72.91,1385300,71.5,72.91,71.03,521381,338740,14.2
2/21/2023,72.63,888300,72.91,73,72.16,389100,261739,9.8
2/22/2023,71.03,1295600,72.63,72.63,71.03,449900,908300,-34.6
2/23/2023,71.22,2327900,71.03,72.35,69.99,1307612,1261255,3.5
2/24/2023,70.28,1681000,71.22,71.5,70.09,957400,1201200,-18.2
2/27/2023,70.75,1112500,70.28,71.41,69.62,710280,248689,34.7
2/28/2023,71.03,1034300,70.75,71.41,70.65,753283,454948,22.5
3/1/2023,72.35,1635500,71.03,72.44,70.56,699100,396882,23.2
3/2/2023,71.97,1088800,72.35,72.35,71.59,614500,410600,15.6
3/3/2023,71.5,704200,71.97,72.25,70.56,413300,240300,13.1
3/6/2023,70.56,891800,71.5,72.06,70.56,223278,369329,-11
3/7/2023,71.31,1170900,70.56,71.69,71.03,594898,615962,-1.6
3/8/2023,71.97,1244400,71.31,71.97,70.56,744628,550543,14.8
3/9/2023,71.97,1389700,71.97,72.53,71.69,721305,339175,29.2
3/10/2023,72.35,1427700,71.97,72.63,71.59,763465,270942,37.9
3/13/2023,72.35,1824500,72.35,72.53,72.06,1030490,248300,60.2
3/14/2023,72.06,1735100,72.35,72.35,71.12,1218173,816592,30.8
3/15/2023,72.53,1960200,72.06,72.72,71.97,1098900,1000500,7.6
3/16/2023,71.59,392300,72.53,72.53,71.5,1161131,1243280,-6.3
3/17/2023,70.09,2432800,71.59,71.88,70.09,265600,2142720,-139.8
3/20/2023,69.9,1609600,70.09,70.56,69.71,248310,662833,-30.8
3/21/2023,69.99,1350200,69.9,70.65,69.81,415100,717198,-18.2
3/22/2023,69.99,900200,69.99,70.28,69.99,99300,320100,-16.4
3/23/2023,70.84,1285000,69.99,70.84,69.62,910100,501200,30.7
3/24/2023,70.56,932300,70.84,71.03,70.37,578800,527200,3.9
3/27/2023,70.18,1371500,70.56,70.56,69.9,220900,1073419,-63.6
3/28/2023,69.99,1650000,70.18,70.84,69.99,579010,1168147,-43.8
3/29/2023,70.46,907400,69.99,70.46,69.99,247800,556122,-23.1
3/30/2023,70.46,801900,70.46,70.93,70.18,496700,169462,24.5
3/31/2023,69.99,1076100,70.46,70.93,69.99,422143,475967,-4
4/3/2023,69.99,850600,69.99,70.46,69.81,132310,451400,-23.7
4/4/2023,69.81,1819000,69.99,70.09,69.81,213010,974303,-56.5
4/5/2023,70.09,963400,69.81,70.37,69.71,201400,515418,-23.4
4/6/2023,69.9,905600,70.09,70.18,69.9,145700,338000,-14.3
4/7/2023,70.28,739800,69.9,70.28,69.9,77650,116731,-2.9
4/10/2023,69.99,832700,70.28,70.28,69.99,202700,231410,-2.1
4/11/2023,69.99,782800,69.99,70.09,69.71,98900,503161,-30.1
4/12/2023,69.9,979100,69.99,69.99,69.62,132209,482842,-26.1
4/13/2023,69.15,889600,69.9,69.99,69.15,920305,1231240,-22.9
4/14/2023,68.49,1294000,69.15,69.34,68.49,157445,640893,-35.2
4/17/2023,67.45,1365400,68.49,68.58,67.45,248310,845134,-42.8
4/18/2023,68.68,931800,67.45,68.68,67.55,1317505,1290271,2
4/19/2023,67.74,816300,68.68,68.77,67.74,122064,403189,-20.2
4/20/2023,68.21,789300,67.74,68.3,67.55,232500,227500,0.4
4/21/2023,66.7,1107600,68.21,68.21,66.61,528331,1092878,-40
4/24/2023,66.32,1134600,66.7,66.89,66.04,955556,1305860,-24.7
4/25/2023,65.76,1370200,66.32,67.17,65.67,303226,734660,-30.2
4/26/2023,66.8,941600,65.76,66.8,65.85,4705718,4622118,5.9
4/27/2023,65.38,1369100,66.8,66.8,65.38,139100,740700,-42.1
4/28/2023,65.67,777800,65.38,66.04,65.57,557600,398200,11.2
5/4/2023,64.82,2499400,65.67,65.85,64.35,903700,1454900,-38
5/5/2023,64.73,712200,64.82,65.1,64.54,260600,301700,-2.8
5/8/2023,66.04,1102300,64.73,66.23,64.91,500000,161900,23.7
5/9/2023,66.51,871300,66.04,66.8,66.32,594900,125800,33.2
5/10/2023,66.32,951600,66.51,66.89,66.32,323000,152900,12.1
5/11/2023,65.85,447300,66.32,66.7,65.85,88900,212700,-8.7
5/12/2023,65.48,1214100,65.85,66.23,65.38,293800,790300,-34.6
5/15/2023,64.91,1537800,65.48,65.76,64.91,161400,929100,-53.2
5/16/2023,65.57,1380300,64.91,65.57,64.91,123300,700700,-39.9
5/17/2023,64.91,1869200,65.57,65.57,64.73,302800,1532000,-84.9
5/18/2023,65.57,2420300,64.91,65.85,64.44,307200,1427800,-77
5/19/2023,64.73,1060800,65.57,65.57,64.54,20500,650200,-43.3
5/22/2023,64.26,1648900,64.73,64.91,64.16,26800,1182100,-79.2
5/23/2023,63.22,2681500,64.26,64.35,63.03,89900,1955400,-126.3
5/24/2023,62.37,2350000,63.22,63.41,62.19,121500,1550600,-95.2
5/25/2023,63.13,1305500,62.37,63.5,62.09,260600,316300,-3.7
5/26/2023,63.13,904500,63.13,63.97,63.13,98500,271000,-11.6
5/29/2023,63.13,1043600,63.13,63.69,63.13,110800,262000,-10.2
5/30/2023,62.56,1770500,63.13,63.41,62.56,116500,886800,-51.4
5/31/2023,62.19,1466600,62.56,62.84,62.19,24900,704300,-45.1
6/1/2023,62.19,1214500,62.19,62.56,62.09,11600,407100,-26.2
6/2/2023,62,2969700,62.19,62.37,61.62,32000,1117900,-71.7
6/5/2023,62.56,3323000,62,63.22,62.28,60500,1519400,-97.2
6/6/2023,62.47,3423000,62.56,62.94,62.09,187800,2377700,-145.4
6/7/2023,62.28,3719000,62.47,62.75,62.09,319000,2232100,-126.8
6/8/2023,61.62,5036500,62.28,62.56,61.62,155000,3359400,-211.3
6/9/2023,61.9,2080200,61.62,62.56,61.62,118000,819600,-46.1
6/12/2023,63.88,5450300,61.9,63.97,62.09,635600,1563300,-62.4
6/13/2023,63.6,4943400,63.88,64.26,63.5,1473200,2459900,-66.9
6/14/2023,63.13,4910200,63.6,64.16,63.13,735700,2405800,-112.7
6/15/2023,62.37,4687800,63.13,63.41,62.28,438400,2088000,-109.9
6/16/2023,62.19,5993000,62.37,62.66,62.09,2325000,3418800,-72.5
6/19/2023,61.9,3279400,62.19,62.66,61.72,58400,1051900,-65.6
6/20/2023,61.62,2963000,61.9,62,61.62,51200,1292400,-81.5
6/21/2023,62.37,3490900,61.62,62.37,61.62,721800,1881300,-76.3
6/22/2023,62.94,5610600,62.37,63.31,62.37,1173700,1767200,-39.6
6/23/2023,64.91,11647500,62.94,65.38,63.03,2396000,2136600,18.1
6/26/2023,66.32,10558900,64.91,66.51,64.26,1754900,3316100,-108.2
6/27/2023,66.32,5978900,66.32,66.61,65.48,1240400,1820500,-40.5
6/28/2023,66.51,5768300,66.32,66.7,65.57,1833500,1710000,8.9
6/29/2023,67.64,7108600,66.51,68.11,65.95,1204700,166700,74.6
6/30/2023,66.8,3645000,67.64,67.74,66.61,680400,713500,-2.4
7/3/2023,66.51,3186200,66.8,67.17,66.14,496900,592500,-6.8
7/4/2023,66.32,4576500,66.51,66.98,65.95,1267700,623900,45.3
7/5/2023,65.67,6322300,66.32,66.61,65.48,1088800,1148500,-4.3
7/6/2023,66.32,7631000,65.67,66.51,65.67,1015100,1995600,-68.9
7/7/2023,66.7,5780500,66.32,66.98,66.23,1192600,2499900,-92.4
7/10/2023,67.83,6171100,66.7,68.39,66.98,271700,337900,-4.7
7/11/2023,68.49,5702300,67.83,69.05,67.45,1438100,788200,47.1
7/12/2023,68.68,3585900,68.49,68.86,68.3,653200,1414600,-55.4
7/13/2023,68.77,3783500,68.68,69.43,68.58,267200,246600,1.5
7/14/2023,68.96,5209700,68.77,69.05,67.83,903000,188200,52
7/17/2023,68.02,3922800,68.96,69.24,67.92,386000,1275400,-64.7
7/18/2023,68.11,2930000,68.02,68.3,67.92,860500,484700,27.2
7/19/2023,68.3,2945100,68.11,68.68,68.11,1302300,61200,90.2
7/20/2023,68.3,2600700,68.3,68.49,68.02,1294400,85600,87.7
7/21/2023,69.15,3116100,68.3,69.15,68.21,1411900,134100,93.5
7/24/2023,69.24,2535300,69.15,69.62,68.96,745000,409400,24.7
7/25/2023,70.09,4245900,69.24,70.28,68.77,1020400,490600,39.3
7/26/2023,70.56,3189700,70.09,70.75,69.9,828300,297900,39.7
7/27/2023,71.22,4178200,70.56,71.31,70.37,832200,446000,29
7/28/2023,72.82,5473600,71.22,73.1,71.12,1424200,198700,94
7/31/2023,73.38,3364900,72.82,73.76,72.63,1007100,422200,45.5
8/1/2023,71.5,5730800,73.38,73.38,71.5,941600,885700,4.2
8/2/2023,71.59,2678900,71.5,71.97,70.84,319500,694300,-28.4
8/3/2023,69.67,2917600,71.59,71.59,69.67,259100,322100,-4.7
8/4/2023,70.06,3165200,69.67,70.06,69.1,399600,127000,19.9
8/7/2023,71.88,4317900,70.06,71.88,69.39,1399700,286900,82.4
8/8/2023,71.5,3430500,71.88,71.88,70.92,803700,319300,36
8/9/2023,70.15,3705000,71.5,71.5,69.87,1029000,1155700,-9.4
8/10/2023,70.15,2733200,70.15,71.02,69.96,1303700,376600,68.1
8/11/2023,70.54,2181300,70.15,70.54,69.48,768700,246000,38.3
8/14/2023,70.44,3066500,70.54,70.54,69.58,1709500,1426500,20.8
8/15/2023,69.87,2219700,70.44,70.44,69.77,630800,623500,0.6
8/16/2023,70.15,2083900,69.87,70.54,69.58,279800,457900,-12.9
8/17/2023,70.63,4580900,70.15,71.5,69.96,1051600,394500,48.7
8/18/2023,70.35,7106200,70.63,71.79,69.19,3380500,837000,187.9
8/21/2023,69.96,3055200,70.35,70.83,69.77,1530300,319400,88.7
8/22/2023,69.77,3075100,69.96,70.25,68.23,588500,395000,14
8/23/2023,70.54,3072800,69.77,70.63,68.71,1430100,690100,54.1
8/24/2023,71.69,4419900,70.54,71.88,70.06,1897800,181300,127.7
8/25/2023,71.88,2751400,71.69,72.26,71.31,515300,410600,7.8
8/28/2023,74.76,5466800,71.88,74.95,71.98,1503900,466900,80.2
8/29/2023,74.28,4199900,74.76,74.76,73.13,1475500,808800,51.5
8/30/2023,74.66,2659700,74.28,75.34,73.42,926400,500700,33.2
8/31/2023,74.66,3836000,74.66,75.72,73.99,1582100,1490800,7.2
9/5/2023,76.87,6839900,74.66,77.26,74.95,3971200,1520200,195
9/6/2023,76.78,2280400,76.87,76.87,76.3,490400,352500,11
9/7/2023,76.3,3526700,76.78,76.78,75.43,1145900,620500,41.7
9/8/2023,76.78,2774900,76.3,76.87,75.91,855800,263500,47.3
9/11/2023,76.3,4234900,76.78,77.83,74.47,844500,905900,-4.3
9/12/2023,77.06,2668500,76.3,77.45,75.14,786300,821400,-2.7
9/13/2023,75.91,2507000,77.06,77.06,75.53,833700,625400,16.6
9/14/2023,76.2,2482600,75.91,76.78,75.24,1464300,203400,99.8
9/15/2023,76.3,5614800,76.2,77.93,75.82,2840700,1798700,83.9
9/18/2023,75.72,1322100,76.3,76.58,75.53,0,0,0
9/19/2023,75.72,2571700,75.72,75.72,74.28,618900,441600,13.9
9/20/2023,75.14,1842800,75.72,75.72,74.86,498800,980800,-37.8
9/21/2023,74.86,2537900,75.14,75.14,74.18,723600,707400,1.3
9/22/2023,74.38,4244900,74.86,75.14,72.74,2056900,713700,103.4
9/25/2023,74.47,2755500,74.38,75.34,73.61,1357000,463400,69.7
9/26/2023,73.03,2534600,74.47,74.86,72.94,1189000,1172000,1.4
9/27/2023,73.51,2273300,73.03,73.51,71.79,763900,503400,19.7
9/28/2023,71.79,1889300,73.51,73.51,71.79,304600,419400,-8.5
9/29/2023,71.21,1403900,71.79,73.32,71.21,361500,445600,-6.1
10/2/2023,72.55,1159900,71.21,72.55,71.21,490900,112500,28.5
10/3/2023,71.02,1993700,72.55,72.55,70.92,322800,199600,9.1
10/4/2023,71.4,1077900,71.02,71.59,70.44,464800,218800,18.3
10/5/2023,69.77,2571400,71.4,71.4,69.77,201000,809900,-44.8
10/6/2023,71.21,1227000,69.77,71.21,69.67,657000,21500,46.9
10/9/2023,70.73,830900,71.21,71.21,70.63,21500,243300,-16.4
10/10/2023,71.4,1023900,70.73,71.98,71.02,36200,155100,-8.9
10/11/2023,71.4,1134400,71.4,71.79,71.02,151900,237000,-6.3
10/12/2023,72.46,2534800,71.4,72.84,71.5,148400,355200,-15.5
10/13/2023,72.74,1487000,72.46,73.22,71.98,127400,194300,-5.1
10/16/2023,72.17,1344400,72.74,72.74,71.69,303300,105300,14.9
10/17/2023,71.79,1421900,72.17,73.03,71.79,398100,300400,7.5
10/18/2023,70.92,2572400,71.79,71.79,69.48,612400,957100,-25.3
10/19/2023,68.52,3904700,70.92,70.92,68.04,978900,1682100,-50.7
10/20/2023,69.39,2371800,68.52,69.58,67.37,1139900,854400,20.8
10/23/2023,67.37,2725900,69.39,69.39,67.27,237700,1247900,-71.2
10/24/2023,67.47,1099500,67.37,67.95,67.27,88300,536900,-31.6
10/25/2023,66.22,2423700,67.47,67.95,66.22,94300,429900,-23.6
10/26/2023,64.3,5201700,66.22,66.22,63.24,1834300,424900,94.3
10/27/2023,65.26,1811000,64.3,65.26,63.92,582200,594500,-0.7
10/30/2023,64.88,1047000,65.26,65.26,64.4,319300,190200,8.8
10/31/2023,65.26,2183600,64.88,66.7,64.88,916900,588700,22.6
11/1/2023,67.56,2337200,65.26,67.66,65.16,1128500,393000,51.2
11/2/2023,68.04,2390200,67.56,68.04,66.99,762800,1033500,-19
11/3/2023,67.18,1692700,68.04,68.04,66.99,540100,698900,-11.1
11/6/2023,68.14,1136800,67.18,68.62,67.27,421700,591000,-11.9
11/7/2023,67.95,1474700,68.14,68.14,66.99,267600,481000,-15
11/8/2023,68.52,2339600,67.95,68.62,66.99,575900,1089400,-36.3
11/9/2023,67.85,3420100,68.52,69.19,67.85,656900,2087100,-102.1
11/10/2023,66.79,2833100,67.85,67.95,66.79,591200,1244300,-45.8
11/13/2023,65.93,1730800,66.79,67.18,65.83,84700,384300,-20.8
11/14/2023,66.12,2996000,65.93,66.6,65.45,221918,2182775,-134.7
11/15/2023,67.85,3949400,66.12,68.91,67.18,1642200,1111600,37.9
11/16/2023,67.47,2338200,67.85,68.43,67.08,0,0,0
11/17/2023,67.18,2335800,67.47,68.23,66.41,209900,350100,-9.8
11/20/2023,66.51,1770000,67.18,67.18,66.22,146100,663000,-35.8
11/21/2023,66.7,2959800,66.51,66.99,66.12,173300,1867300,-117.3
11/22/2023,66.6,1302200,66.7,67.37,66.22,166600,406900,-16.7
11/23/2023,65.93,1623100,66.6,67.08,65.93,112500,396700,-19.7
11/24/2023,65.55,3128900,65.93,66.12,64.88,575700,1282200,-48.1
11/27/2023,65.36,1333300,65.55,65.64,65.16,234600,363300,-8.8
11/28/2023,65.74,1775600,65.36,65.74,64.78,313100,797000,-32.9
11/29/2023,65.64,1262500,65.74,66.03,65.45,160500,496500,-23
11/30/2023,64.68,2581600,65.64,65.93,64.68,194500,1727300,-104
12/1/2023,65.64,1391800,64.68,65.74,64.97,396800,266100,8.9
12/4/2023,66.03,3006800,65.64,66.7,65.64,613700,1033100,-28.9
12/5/2023,65.36,2302100,66.03,66.22,65.26,66100,1406700,-91.6
12/6/2023,65.74,1606600,65.36,65.83,65.36,135700,898400,-52.1
12/7/2023,65.64,3874400,65.74,66.03,64.78,837900,1658400,-55.7
12/8/2023,66.22,3729400,65.64,66.51,65.26,118300,1232200,-76.6
12/11/2023,67.18,4734500,66.22,67.66,67.08,766600,1009700,-17.1
12/12/2023,66.6,2788700,67.18,67.27,66.22,556400,1438900,-61.2
12/13/2023,65.45,4511000,66.6,66.89,65.36,89500,1890300,-123.8
12/14/2023,65.64,1462000,65.45,66.12,65.45,240000,535100,-20.2
12/15/2023,65.36,3739700,65.64,65.83,65.36,1872400,2442200,-39
12/18/2023,64.3,3513100,65.36,65.45,64.3,257600,1625300,-92.3
12/19/2023,64.3,3061900,64.3,64.68,63.63,154500,1463900,-87.4
12/20/2023,65.36,2603900,64.3,65.45,64.3,831600,801000,2.2
12/21/2023,65.07,2585900,65.36,65.55,65.07,884700,1202600,-21.5
12/22/2023,64.88,2145700,65.07,65.36,64.78,749300,1165900,-28.2
12/25/2023,65.16,2672700,64.88,65.93,64.88,270200,717900,-30.5
12/26/2023,65.26,1975400,65.16,65.74,65.26,261100,1064300,-54.8
12/27/2023,65.26,1626400,65.26,65.94,65.26,117600,731000,-41.5
12/28/2023,66.23,2408700,65.26,66.23,65.26,675100,467600,14.1
12/29/2023,65.36,1954700,66.23,66.42,65.36,109100,911300,-54.4
1/2/2024,66.03,2142800,65.94,66.23,65.65,419100,391000,1.9
1/3/2024,66.71,1889800,66.13,66.71,65.74,221800,142500,5.5
1/4/2024,66.71,3401500,66.81,67.19,66.71,171700,478600,-21.2
1/5/2024,66.52,1475700,67,67,66.23,143100,282600,-9.6
1/8/2024,65.94,2396400,66.71,66.81,65.94,129300,640000,-35
1/9/2024,65.84,2460400,65.94,66.23,65.74,103700,1267300,-79.3
1/10/2024,65.26,3006600,65.84,65.84,65.16,238700,995200,-51.3
1/11/2024,65.65,2083900,65.26,66.23,65.26,280700,822300,-36.7
1/12/2024,64.97,3283000,65.36,65.65,64.78,233500,1790700,-104.8
1/15/2024,64.78,2226700,64.97,65.26,64.78,58700,1329300,-85.2
1/16/2024,65.16,2072400,64.78,65.16,64.49,359700,1273900,-61.1
1/17/2024,64.87,1826400,65.26,65.65,64.78,343400,834300,-33.1
1/18/2024,65.16,1228400,65.07,65.55,65.07,140100,313800,-11.7
1/19/2024,65.74,2619900,65.16,66.32,65.16,407800,832100,-28.8
1/22/2024,66.03,1959800,65.74,66.42,65.74,303700,533600,-15.7
1/23/2024,65.45,2112000,66.03,66.03,65.36,705600,773300,-4.6
1/24/2024,65.07,2083500,65.55,65.74,64.97,175100,957200,-52.8
1/25/2024,64.68,2660500,65.16,65.26,64.68,251600,1219700,-64.9
1/26/2024,64.78,1675800,64.78,65.26,64.78,133100,708200,-38.6
1/29/2024,64.78,1732800,64.87,65.07,64.68,102000,992600,-59.7
1/30/2024,64.68,1790400,65.07,65.07,64.68,176100,1397500,-81.8
1/31/2024,64.78,4020100,64.97,65.94,64.68,372800,1759000,-93.4
2/1/2024,65.26,2499300,64.97,65.55,64.97,682700,801700,-8
2/2/2024,65.16,2611300,65.26,65.45,64.78,110720,1306063,-80.4
2/5/2024,65.74,3565900,65.16,65.94,64.97,800300,486230,21.4
2/6/2024,65.36,2392800,65.84,65.94,65.36,443800,1102057,-44.6
2/7/2024,65.36,2736300,65.36,65.65,64.97,254200,1151300,-60.5
2/15/2024,65.36,3876600,65.36,65.74,64.97,612927,2560214,-131.6
2/16/2024,67.68,11114600,65.55,67.97,65.26,1451516,3225413,-123.2
2/19/2024,69.51,6652800,68.55,70.19,68.35,918539,1608593,-49.4
2/20/2024,69.13,4385700,69.32,70,68.93,630428,738659,-7.8
2/21/2024,68.93,3590200,69.13,69.51,68.64,352429,565747,-15.3
2/22/2024,69.22,4648100,68.93,70.29,68.74,150300,1035941,-63.6
2/23/2024,68.64,6142500,69.42,70.29,68.64,1043000,534103,36.8
2/26/2024,68.64,3048400,68.64,69.32,68.35,626070,508932,8.4
2/27/2024,69.61,5282500,68.84,70,68.74,347700,1090001,-53.3
2/28/2024,69.8,3419000,70,70.19,69.13,148835,242517,-6.8
2/29/2024,69.61,6539800,70.19,70.87,69.22,542657,2139720,-115.3
3/1/2024,69.13,4397700,69.71,69.71,68.84,262800,2149535,-135
3/4/2024,69.61,5014600,69.42,70.29,69.22,898430,429902,33.7
3/5/2024,70.58,5440900,69.61,70.58,69.32,509124,1102623,-42.9
3/6/2024,69.71,3403000,70.87,71.06,69.61,514213,876707,-26.3
3/7/2024,69.61,5067600,69.32,69.71,68.93,454300,2595019,-153.4
3/8/2024,67.68,7361000,69.71,70.48,67.68,149340,1923627,-126.7
3/11/2024,67.97,4208400,68.16,68.93,67.68,364200,357900,0.6
3/12/2024,67.68,3844000,68.06,68.26,67.68,828600,1597600,-54
3/13/2024,68.45,5646500,67.77,68.55,67.68,282900,3725800,-242.7
3/14/2024,68.16,5445400,68.64,68.93,67.97,253900,2253200,-141.2
3/15/2024,67.38,4851100,68.65,68.65,67.28,259400,1625100,-94.4
3/18/2024,66.49,6796400,67.38,67.67,66.2,355100,1925800,-106.8
3/19/2024,66.4,3164500,67.08,67.08,66.4,1137500,1842900,-47.9
3/20/2024,66.59,3546900,66.4,67.18,66.1,331600,1560500,-83.3
3/21/2024,66.98,4906200,66.79,67.08,66.49,443900,3412100,-202.4
3/22/2024,66.4,6066700,67.18,67.28,66.4,210300,3433800,-219.2
3/25/2024,65.91,5450700,66.49,66.79,65.71,150600,2568900,-163.7
3/26/2024,66.3,2504200,66.01,66.49,65.91,132200,970200,-56.6
3/27/2024,66.3,2637700,66.59,66.59,66.1,44800,1017400,-65.8
3/28/2024,66.3,4470700,66.3,66.98,66.2,81900,2437600,-159.8
3/29/2024,66.2,3484600,66.98,66.98,66.1,107100,1486400,-93.3
4/1/2024,65.61,4988000,66.2,66.3,65.61,289000,2658500,-159.3
4/2/2024,65.91,4322900,65.61,66.01,65.32,137200,2062800,-129.1
4/3/2024,65.32,5046100,65.91,65.91,65.32,114600,2470300,-157.7
4/4/2024,66.79,7472800,65.32,66.98,65.32,2540100,540800,135.6
4/5/2024,66.49,4233800,66.79,66.79,66.3,1729600,1044500,46.6
4/8/2024,65.61,3666000,66.59,66.59,65.52,241200,572000,-22.2
4/9/2024,65.61,2516000,65.71,65.91,65.42,347000,1329800,-65.9
4/10/2024,65.42,2765500,65.71,65.91,65.42,409800,1393800,-65.9
4/11/2024,65.22,2947700,65.32,65.52,65.12,219900,1010000,-52.7
4/12/2024,65.32,2509200,65.42,65.71,65.22,199500,946200,-49.9
4/15/2024,63.56,5756100,65.32,65.32,63.56,165800,1299400,-75.2
4/16/2024,62.68,7128700,63.56,63.65,61.7,491000,1794800,-83.7
4/17/2024,62.87,4589800,63.07,63.56,62.87,2539700,895200,106.4
4/19/2024,62.87,4516100,62.87,63.07,61.99,1763700,300000,93.6
4/22/2024,62.68,2035200,63.36,63.95,62.68,205200,505600,-19.3
4/23/2024,62.19,2014400,62.87,62.97,61.89,86200,369100,-18
4/24/2024,62.68,2401300,62.68,62.97,62.19,460600,502600,-2.7
4/25/2024,63.36,1916000,62.68,63.46,62.58,479600,229100,16.2
4/26/2024,63.65,2940600,63.36,64.44,63.17,1273500,615900,43
5/2/2024,64.05,2563400,64.05,64.14,63.56,1336200,647400,45
5/3/2024,64.24,1966400,64.24,64.63,64.14,427600,112700,20.7
5/6/2024,64.44,2261300,64.44,65.03,64.14,410400,233700,11.6
5/7/2024,66.59,8485900,64.63,67.08,64.54,2848200,1220900,109.7
5/8/2024,66.49,2964400,66.59,66.59,65.71,669200,418500,17
5/9/2024,65.22,2998000,66.49,66.49,65.22,102500,308600,-13.8
5/10/2024,65.12,2418100,65.32,66.1,64.73,72900,274700,-13.5
5/13/2024,64.44,2732500,65.22,65.42,64.05,189000,519800,-21.9
5/14/2024,65.12,2433100,64.54,65.61,64.54,1174600,362300,54.1
5/15/2024,65.61,3234900,65.52,65.91,65.32,1462000,595300,58.1
5/16/2024,65.81,2911400,65.71,66.3,65.61,812400,248200,38
5/17/2024,65.61,4169000,65.91,66.4,65.42,263000,1344500,-72.8
5/20/2024,65.03,4920600,65.71,66.2,65.03,171600,2463300,-152.8
5/21/2024,64.83,3799500,65.03,65.22,64.44,160000,1527300,-90.5
5/22/2024,64.44,3618300,65.03,65.32,64.44,123500,1236200,-73.4
5/23/2024,65.61,2991400,64.63,65.61,64.44,302400,155100,9.9
5/24/2024,64.63,4104100,65.32,65.52,64.34,174300,1122500,-62.9
5/27/2024,64.73,2336600,64.73,65.22,64.44,162100,891800,-48.2
5/28/2024,65.42,5347500,64.93,65.91,64.73,94400,1956100,-123.9
5/29/2024,64.93,3357900,65.61,65.91,64.63,106400,1422300,-87.6
5/30/2024,64.34,4412600,64.73,64.83,64.14,229900,1508900,-84.1
5/31/2024,64.05,4143400,64.54,64.54,63.95,221800,1749400,-100
6/3/2024,64.73,3190500,64.44,65.22,64.34,737000,459900,18.4
6/4/2024,64.63,2445200,64.73,65.22,64.63,378900,293700,5.6
6/5/2024,67.08,11865800,64.83,67.77,64.83,2150900,369100,121.1
6/6/2024,65.81,4887800,67.57,67.57,65.81,39900,1109780,-72.5
6/7/2024,66.4,4127600,66.2,67.18,66.1,638192,273519,24.8
6/10/2024,65.81,4564100,66.98,67.08,65.81,556202,2035699,-100.1
6/11/2024,65.12,6177100,66.01,66.1,65.03,415400,2022312,-107.1
6/12/2024,65.61,3425100,65.12,65.91,64.93,390900,1734800,-89.5
6/13/2024,65.52,2803600,65.61,66.01,65.42,78400,1188400,-74.4
6/14/2024,64.83,4124200,65.61,65.91,64.83,226900,959000,-48.8
6/17/2024,64.63,3617600,64.93,65.22,64.63,185700,1721600,-101.6
6/18/2024,64.54,2751700,65.12,65.12,64.54,38800,1221500,-78.1
6/19/2024,63.95,6155000,64.63,64.63,63.75,186400,2789000,-170.4
6/20/2024,64.63,4397100,64.05,65.42,63.85,1836700,1090700,49.3
6/21/2024,64.63,3967700,65.12,65.71,64.63,1232000,1550900,-20.9
6/24/2024,64.14,3847700,64.73,65.22,63.95,1036500,331100,46.6
6/25/2024,64.14,2433600,64.44,64.83,64.14,275900,495800,-14.4
6/26/2024,63.85,2485100,64.44,64.44,63.75,193700,978300,-51.3
6/27/2024,63.95,2708400,63.85,64.24,63.75,160500,818300,-43
6/28/2024,64.14,2731700,64.14,64.63,63.95,1178200,928900,16.4
7/1/2024,64.63,1909300,64.44,64.63,63.95,625200,590300,2.3
7/2/2024,64.83,2042800,64.63,64.93,64.44,257600,364900,-7.1
7/3/2024,64.83,1332600,64.83,64.93,64.63,108500,248900,-9.3
7/4/2024,65.03,2688900,64.93,65.52,64.93,398200,816000,-27.8
7/5/2024,65.81,4180100,65.03,66.1,65.03,723300,478300,16.4
7/8/2024,66.2,4942400,65.91,66.3,65.61,2358300,630500,116.7
7/9/2024,66.1,5045200,66.2,66.4,65.81,1905500,1744300,11
7/10/2024,65.42,3881700,66.1,66.4,65.42,958400,1395800,-29.4
7/11/2024,64.93,3787100,65.52,65.61,64.93,194600,1689600,-99.5
7/12/2024,64.93,2079900,65.03,65.22,64.73,100800,219200,-7.8
7/15/2024,64.83,2155300,64.93,65.52,64.83,51400,550400,-33.1
7/16/2024,64.73,2243700,65.03,65.32,64.73,77100,609000,-35.3
7/17/2024,64.34,3464800,64.83,65.12,64.24,437200,646500,-13.8
7/18/2024,64.54,2283000,64.63,64.63,64.14,296700,283200,0.9
7/19/2024,63.95,3392700,64.54,64.54,63.75,28300,517600,-32
7/22/2024,64.05,2654800,63.95,64.63,63.85,448300,216500,15.2
7/23/2024,64.54,3777800,64.24,64.93,64.14,2046100,536492,99.6
7/24/2024,64.24,3613500,64.44,64.73,64.24,2274200,1038000,81.4
7/25/2024,64.24,1957600,64.24,64.34,63.95,511500,491600,1.3
7/26/2024,64.44,2975400,64.05,64.83,64.05,1412300,1003000,27
7/29/2024,65.81,5781800,64.83,66.2,64.54,919200,365300,37.3
7/30/2024,66.3,6375600,65.91,66.98,65.52,919200,365300,37.3
7/31/2024,70.12,21144900,67.08,70.51,67.08,5873100,1023800,341.3
8/1/2024,68.85,8865800,70.31,70.41,68.65,2710300,391300,165.5
8/2/2024,70.02,10290200,68.55,70.41,68.55,4457200,238200,299.9
8/5/2024,67.96,12155500,69.53,69.73,67.08,3639100,980900,185.7
8/6/2024,71.2,13496200,68.85,71.78,68.55,3484300,518500,211.9
8/7/2024,72.27,10700700,71.69,72.27,70.9,3561400,687400,209.7
8/8/2024,71.2,5811000,72.37,72.86,70.71,1482500,413700,78.2
8/9/2024,71.78,4527500,71.29,71.88,71,878300,208900,48.8
8/12/2024,71.49,5804000,71.78,72.86,71.29,798100,699000,7.5
8/13/2024,72.27,6734400,71.29,72.86,71.2,2444900,384700,151.8
8/14/2024,72.47,5456200,72.47,72.57,71.78,1597400,1192300,30
8/15/2024,72.27,4255800,72.47,73.06,72.17,1776600,383800,103.2
8/16/2024,72.27,7392900,72.47,72.57,71.69,1527400,1293500,17.3
8/19/2024,74.43,7917900,72.47,74.43,72.27,2248100,426300,137.5
8/20/2024,74.04,4177300,74.43,74.62,73.74,953200,666700,21.6
8/21/2024,73.74,3991000,73.64,74.53,73.55,563600,505600,4.4
8/22/2024,72.66,6025900,74.43,74.43,72.08,567300,738500,-13
8/23/2024,73.35,3307600,73.35,74.04,72.86,249100,518100,-20.1
8/26/2024,71.88,6324800,73.35,73.45,71.78,736800,786000,-3.7
8/27/2024,71.98,4265800,71.88,72.27,71.1,853100,499700,25.8
8/28/2024,72.37,3352800,72.08,72.47,71.69,1164000,271700,65.7
8/29/2024,71.98,2042900,72.17,72.47,71.88,663400,468800,14.3
8/30/2024,72.37,3675800,72.08,73.25,71.88,788500,742600,3.4
9/4/2024,72.76,2839100,71.78,72.96,71.59,979100,337200,47.5
9/5/2024,73.15,5857500,72.76,73.84,72.57,1911600,652400,94.5
9/6/2024,73.84,3641800,73.35,73.94,73.25,1367200,266700,82.7
9/9/2024,73.25,2638800,73.55,73.55,72.66,0,0,0
9/10/2024,73.35,3332400,73.25,73.94,72.76,1168100,263500,67.9
9/11/2024,73.06,3165200,73.25,73.55,72.37,1059100,170400,66.2
9/12/2024,73.15,2052100,73.45,73.64,72.86,174600,387900,-15.9
9/13/2024,71.39,5347100,73.25,73.25,71.39,504600,735400,-17.1
9/16/2024,70.41,4034700,71.49,71.49,70.41,894000,213400,49.2
9/17/2024,71.88,2390300,70.51,71.88,70.22,494200,185700,22.3
9/18/2024,71.78,2845300,72.08,72.37,71.49,1017900,545500,34.7
9/19/2024,71.78,1572700,71.78,71.98,71.49,126500,134900,-0.6
9/20/2024,71.2,5232400,71.98,72.47,71.2,623900,3058700,-177.1
9/23/2024,71.39,2930300,71.59,71.69,71.1,283400,693100,-29.8
9/24/2024,69.75,2076500,70.45,70.45,69.56,208200,315500,-7.6
9/25/2024,69.06,4520500,69.75,69.85,69.06,362300,841500,-33.5
9/26/2024,70.15,3984100,69.06,70.55,69.06,1940500,312700,115
9/27/2024,70.45,2968700,70.25,70.65,70.15,1534000,423400,78.8
9/30/2024,69.56,2043500,70.45,70.45,69.56,69700,267500,-13.9
10/1/2024,69.56,2040200,69.66,70.15,69.56,70000,239500,-11.9
10/2/2024,69.56,2139900,69.66,69.66,69.06,351100,221900,9
10/3/2024,69.75,2948000,69.66,69.95,69.36,1248600,320600,65.1
10/4/2024,67.97,6134000,69.95,69.95,67.87,1077400,1863400,-54.1
10/7/2024,66.58,5986300,68.17,68.76,66.58,818300,921100,-7.2
10/8/2024,67.67,2887600,66.68,67.67,66.68,1306300,461000,57.4
10/9/2024,67.27,3527900,67.77,68.07,67.27,1207200,653700,37.6
10/10/2024,67.17,2622600,67.77,68.27,67.17,365200,746000,-26
10/11/2024,67.17,2370000,67.57,67.67,66.98,217100,1095000,-59.5
10/14/2024,66.68,2820500,67.57,67.57,66.58,212300,631400,-28.3
10/15/2024,66.28,3073300,66.68,66.88,66.18,161800,1230800,-71.7
10/16/2024,66.98,2003900,66.28,67.57,66.28,355300,433100,-5.2
10/17/2024,67.08,1655000,67.08,67.37,66.78,34900,336300,-20.4
10/18/2024,66.88,1597500,67.08,67.47,66.88,70800,211600,-9.5
10/21/2024,66.78,1860000,66.88,67.37,66.68,244900,344900,-6.7
10/22/2024,66.78,2250400,66.78,67.27,66.68,722700,233000,33
10/23/2024,66.78,1635900,66.78,67.08,66.68,493000,371000,8.2
10/24/2024,67.87,4365000,66.78,68.46,66.78,1585300,586100,68.5
10/25/2024,67.47,2170200,68.07,68.07,67.37,1060900,603500,31.2
10/28/2024,66.68,2923300,67.17,67.47,66.18,214500,781500,-38
10/29/2024,66.48,2030600,66.78,66.78,66.28,458700,559500,-6.7
10/30/2024,65.79,3431700,66.48,66.78,65.79,363700,1016000,-43.5
10/31/2024,65.59,5170700,66.08,66.08,64.79,1419300,1242400,11.6
11/1/2024,65.29,2178000,65.59,65.79,65.09,537100,268700,17.7
11/4/2024,65.09,2118800,65.39,66.08,65.09,651200,464600,12.4
11/5/2024,64.99,1060900,65.19,65.49,64.99,121200,114900,0.4
11/6/2024,65.29,2594600,65.49,65.49,64.79,0,0,0
11/7/2024,65.39,1152300,65.49,65.69,65.09,336000,468400,-8.7
11/8/2024,65.19,1592400,65.49,65.69,65.09,283300,322000,-2.5
11/11/2024,64.69,2737600,65.19,65.29,64.2,211900,708100,-32.3
11/12/2024,64.4,1729600,64.69,65.19,64.3,156200,656300,-32.6
11/13/2024,64.5,2770700,64.59,65.09,64.2,1304400,793890,33.2
11/14/2024,64.5,1779900,64.5,64.5,64.2,547100,555188,-0.5
11/15/2024,63.21,3688300,64.4,64.4,63.21,178248,1788977,-103.5
11/18/2024,62.71,3747000,63.21,63.7,62.71,920400,2490047,-99.9
11/19/2024,62.51,2733600,62.81,63.01,62.51,865300,1338714,-29.9
11/20/2024,63.11,2818000,62.51,63.3,62.41,1085140,873100,13.5
11/21/2024,63.4,2253500,63.21,63.6,62.91,914900,420818,31.5
11/22/2024,63.8,2176700,63.4,64.3,63.4,732701,432331,19.4
11/25/2024,63.8,2446600,63.8,64.1,63.7,938550,1288568,-22.5
11/26/2024,64.3,1675600,64,64.5,63.9,700700,176828,34
11/27/2024,64.1,1586400,64.3,64.5,64,735500,178900,36
11/28/2024,64,1273300,64.5,64.5,64,292350,183381,7
11/29/2024,64.1,1105500,64,64.3,63.8,265710,287252,-1.4
12/2/2024,64,1229100,64.1,64.3,63.7,278484,279900,-0.1
12/3/2024,63.4,2425200,64.1,64.1,63.4,709550,729775,-1.3
12/4/2024,62.81,2745800,63.3,63.4,62.81,99907,1220694,-71.1
12/5/2024,63.8,2218400,63.01,64.2,62.71,180833,445811,-16.9
12/6/2024,63.6,1677900,64,64.3,63.6,236600,282305,-2.9
12/9/2024,63.6,1762700,64,64,63.5,70110,580180,-32.7
12/10/2024,63.4,1711000,63.6,63.9,63.4,72100,554307,-30.9
12/11/2024,63.7,2024600,63.4,64.1,63.4,824940,426102,25.7
12/12/2024,64.1,2249800,63.7,64.4,63.7,879941,643573,15.3
12/13/2024,63.7,1396700,63.8,64,63.6,407560,432592,-1.6
12/16/2024,64.5,2387600,63.7,64.69,63.7,203705,231502,-1.8
12/17/2024,64.1,1204000,64.4,64.5,64,362305,506237,-9.3
12/18/2024,64.2,1614100,64.5,64.59,64.2,358276,135233,14.5
12/19/2024,63.4,2626900,63.9,64,63.4,479650,367613,7.2
12/20/2024,64.5,3799600,63.5,64.5,63.5,1446295,317160,73
12/23/2024,63.9,1347800,64.2,64.5,63.8,52540,605091,-35.7
12/24/2024,63.8,1287000,63.9,64.2,63.6,182566,557789,-24.1
12/25/2024,63.9,1302500,63.9,64.4,63.9,192605,35925,10.1
12/26/2024,63.8,1708800,64.2,64.2,63.8,172500,808679,-40.7
12/27/2024,63.8,2443700,63.9,64.1,63.7,1351600,959509,25.1
12/30/2024,63.3,1490800,63.6,63.7,63.3,138000,515801,-24
12/31/2024,63.4,1641900,63.4,63.8,63.3,777270,153279,39.7
1/2/2025,63.1,1336600,63.6,63.8,63.1,118869,412888,-18.6
1/3/2025,63,1776700,63.2,63.3,62.9,179263,636985,-28.8
1/6/2025,62.5,2103500,63,63.2,62.5,152680,736400,-36.6
1/7/2025,61.7,2802100,62.6,63,61.6,304100,1273303,-60.3
1/8/2025,61.7,2053300,62,62.1,61.2,364350,1135581,-47.5
1/9/2025,61.8,1500000,61.8,61.9,61.3,93669,770194,-41.6
1/10/2025,61.3,1189800,61.7,61.9,61.3,156224,468100,-19.2
1/13/2025,61.4,1101700,61.2,61.9,61.1,130340,164352,-2.1
1/14/2025,61.6,1147600,61.4,61.8,61.3,227514,263658,-2.2
1/15/2025,61.7,1216400,62.1,62.3,61.7,54800,54115,0
1/16/2025,61.9,1684500,62.3,62.6,61.7,279330,365077,-5.3
1/17/2025,62,889400,62.2,62.2,62,168100,139300,1.8
1/20/2025,61.9,1633600,62,62.2,61.6,98175,679295,-35.9
1/21/2025,61.8,1403900,62,62.1,61.6,483605,493266,-0.6
1/22/2025,61.6,1760900,62,62,61.6,593780,270500,20
1/23/2025,62,1781300,61.6,62.3,61.6,198900,246798,-3
1/24/2025,62.2,1576400,61.9,62.5,61.8,463400,377180,5.4
2/3/2025,60.6,6954000,62.2,62.2,60.5,368800,5371401,-304.2
2/4/2025,60.2,7125000,60.6,60.9,60,430220,4660376,-255
2/5/2025,61.5,3198100,60.4,61.5,60.4,1189799,1171700,1.2
2/6/2025,60.7,3024800,61.5,61.6,60.5,415120,1338765,-56.2
2/7/2025,60.8,2552300,60.7,61.2,60.6,657755,566730,5.6
2/10/2025,60.6,2592100,61.2,61.2,60.6,86284,408000,-19.5
2/11/2025,60.4,3433800,60.6,60.7,60.1,105850,1683926,-95.1
2/12/2025,61,2756600,60.6,61,60.5,1227180,532245,42.2
2/13/2025,60.7,2576800,61,61,60.4,422708,1471684,-63.5
2/14/2025,60.3,6401800,60.7,60.7,60.3,288800,4721874,-268.2
2/17/2025,60,3612400,60.4,60.6,60,297800,1857865,-93.9
2/18/2025,60.3,2436800,60.4,60.5,60,545700,1216180,-40.4
2/19/2025,60.8,3072700,60.3,60.9,60.3,708343,896574,-11.4
2/20/2025,60.7,2627900,60.9,60.9,60.6,211161,724450,-31.2
2/21/2025,61.4,4717200,60.8,62.1,60.6,813520,680539,8.1
2/24/2025,63.8,11512800,61.6,63.9,61.6,4150491,1016264,196.3
2/25/2025,62.9,3884200,64,64,62.6,277584,709761,-27.1
2/26/2025,63.1,3636600,63,63.4,62.9,2127220,636914,93.9
2/27/2025,62.2,3520600,63.2,63.2,62.2,149300,1327570,-73.6
2/28/2025,62.2,4175600,62.3,63.2,62.2,967338,617140,22.1
3/3/2025,63.2,3610600,62.8,63.2,62.3,228259,237112,-0.5
3/4/2025,63.5,6042000,63.2,63.8,62.9,2839530,757498,131.9
3/5/2025,62.7,2275500,63.6,63.6,62.7,89365,573100,-30.5
3/6/2025,62.9,3125600,62.7,62.9,62.2,97900,1281032,-73.9
3/7/2025,62.7,2655600,62.9,63,62.4,42720,590913,-34.3
3/10/2025,62.5,2529500,63,63,62.5,168000,699526,-33.4
3/11/2025,62.4,2287600,62.3,62.5,62.1,285040,376954,-5.7
3/12/2025,62.2,2755400,62.5,62.8,62.2,80624,984283,-56.4
3/13/2025,62,5100400,62.3,62.9,61.9,265616,2359639,-130.5
3/14/2025,62.1,2696700,62.4,62.7,62.1,239631,465000,-14
3/17/2025,63,4062100,62.4,63.4,62.4,980664,619792,22.6
3/18/2025,62.5,3281900,63.1,63.1,62.5,723904,911519,-11.8
3/19/2025,62.3,3038400,62.7,62.8,61.9,194251,692713,-31
3/20/2025,61.8,3888200,62.2,62.2,61.3,830580,1200600,-22.8
3/21/2025,61.3,3325900,61.8,61.8,61.2,0,0,0
3/24/2025,61.4,2488900,61.4,62,61.1,32000,576918,-33.4
3/25/2025,61.4,2323000,61.7,61.7,61.2,0,0,0
3/26/2025,61.2,1846000,61.5,61.9,61.2,184955,409079,-13.7
3/27/2025,61.1,2230500,61.2,61.5,61.1,201850,271800,-4.3
3/28/2025,60.3,5430100,61,61.1,60.2,247300,2609414,-143
3/31/2025,60.6,5301500,60.8,61.6,60.6,129550,2379994,-137
4/1/2025,60.8,3129300,61.2,61.2,60.3,198746,1037876,-50.9
4/2/2025,60.5,4684400,60.7,61.4,60.5,461106,1615410,-70.1
4/3/2025,56.5,16938200,59.5,59.6,56.3,765010,6172695,-308.5
4/4/2025,58.5,9776600,54,58.8,53.8,1397366,1104854,17.9
4/8/2025,54.5,13324100,56.7,56.9,54.5,1076602,4066940,-164.5
4/9/2025,52,9882600,51.4,55.2,51.4,2182840,3261570,-56.7
4/10/2025,55.6,1514300,55.6,55.6,55.6,1000,1482422,-82.4
4/11/2025,57.5,9164400,55.6,58.4,55.6,907947,445500,26.2
4/14/2025,56.9,5479700,57.9,57.9,56.5,770820,2523264,-99.8
4/15/2025,56.3,4163500,56.7,57.5,56.3,315636,574590,-14.7
4/16/2025,56,3735600,56.4,57.2,56,168300,502813,-19.1
4/17/2025,56,7219000,55.5,56.6,54.8,1158768,3218293,-114
4/18/2025,56.6,3037200,56.7,57.3,56.6,892800,778400,6.5
4/21/2025,56.7,3021400,56.8,57.1,56.5,213318,890000,-38.3
4/22/2025,56,6955000,56.6,56.6,53.9,474245,1546622,-59.1
4/23/2025,56.4,3586000,56.8,57.3,56.4,947700,141800,45.9
4/24/2025,56.3,1956400,56.5,56.8,56.2,81100,200740,-6.8
4/25/2025,58.3,8119700,56.5,58.3,56.5,384760,943300,-32.2
4/28/2025,57.5,2664700,58.3,58.3,57.5,30907,704280,-38.9
4/29/2025,57.6,2556000,57.5,57.9,57.2,210914,52400,9.1
5/5/2025,56.9,4238300,57.5,57.6,56.9,187500,1189900,0
5/6/2025,56.9,2502600,57,57.4,56.9,116000,577000,0
5/7/2025,57.1,2789200,56.9,57.7,56.9,802800,794000,0
5/8/2025,57.4,3262200,57.2,57.8,57.2,462200,844300,0
5/9/2025,57.7,3832400,57.7,58.6,57.7,306900,856600,0
